Date_Time (LST_LDT), Event, Speed (cm/sec)
2026-01-01 12:07 AM, ebb,-114
2026-01-01 03:12 AM, slack,-
2026-01-01 06:16 AM, flood,106
2026-01-01 09:12 AM, slack,-
2026-01-01 12:40 PM, ebb,-135
2026-01-01 03:55 PM, slack,-
2026-01-01 06:56 PM, flood,108
2026-01-01 09:52 PM, slack,-
2026-01-02 01:11 AM, ebb,-120
2026-01-02 04:12 AM, slack,-
2026-01-02 07:16 AM, flood,112
2026-01-02 10:09 AM, slack,-
2026-01-02 01:40 PM, ebb,-140
2026-01-02 04:50 PM, slack,-
2026-01-02 07:52 PM, flood,114
2026-01-02 10:48 PM, slack,-
2026-01-03 02:11 AM, ebb,-125
2026-01-03 05:09 AM, slack,-
2026-01-03 08:12 AM, flood,116
2026-01-03 11:04 AM, slack,-
2026-01-03 02:35 PM, ebb,-142
2026-01-03 05:43 PM, slack,-
2026-01-03 08:45 PM, flood,118
2026-01-03 11:42 PM, slack,-
2026-01-04 03:06 AM, ebb,-128
2026-01-04 06:04 AM, slack,-
2026-01-04 09:05 AM, flood,116
2026-01-04 11:57 AM, slack,-
2026-01-04 03:27 PM, ebb,-140
2026-01-04 06:35 PM, slack,-
2026-01-04 09:36 PM, flood,118
2026-01-05 12:35 AM, slack,-
2026-01-05 03:59 AM, ebb,-128
2026-01-05 06:59 AM, slack,-
2026-01-05 09:57 AM, flood,112
2026-01-05 12:49 PM, slack,-
2026-01-05 04:17 PM, ebb,-135
2026-01-05 07:25 PM, slack,-
2026-01-05 10:28 PM, flood,115
2026-01-06 01:26 AM, slack,-
2026-01-06 04:52 AM, ebb,-126
2026-01-06 07:54 AM, slack,-
2026-01-06 10:51 AM, flood,106
2026-01-06 01:41 PM, slack,-
2026-01-06 05:07 PM, ebb,-126
2026-01-06 08:15 PM, slack,-
2026-01-06 11:20 PM, flood,110
2026-01-07 02:16 AM, slack,-
2026-01-07 05:46 AM, ebb,-121
2026-01-07 08:49 AM, slack,-
2026-01-07 11:46 AM, flood,99
2026-01-07 02:32 PM, slack,-
2026-01-07 05:59 PM, ebb,-115
2026-01-07 09:05 PM, slack,-
2026-01-08 12:12 AM, flood,103
2026-01-08 03:05 AM, slack,-
2026-01-08 06:39 AM, ebb,-116
2026-01-08 09:45 AM, slack,-
2026-01-08 12:39 PM, flood,92
2026-01-08 03:22 PM, slack,-
2026-01-08 06:52 PM, ebb,-104
2026-01-08 09:56 PM, slack,-
2026-01-09 01:02 AM, flood,97
2026-01-09 03:53 AM, slack,-
2026-01-09 07:33 AM, ebb,-111
2026-01-09 10:40 AM, slack,-
2026-01-09 01:29 PM, flood,85
2026-01-09 04:13 PM, slack,-
2026-01-09 07:45 PM, ebb,-94
2026-01-09 10:47 PM, slack,-
2026-01-10 01:50 AM, flood,89
2026-01-10 04:42 AM, slack,-
2026-01-10 08:26 AM, ebb,-106
2026-01-10 11:33 AM, slack,-
2026-01-10 02:19 PM, flood,78
2026-01-10 05:05 PM, slack,-
2026-01-10 08:40 PM, ebb,-87
2026-01-10 11:37 PM, slack,-
2026-01-11 02:40 AM, flood,82
2026-01-11 05:32 AM, slack,-
2026-01-11 09:20 AM, ebb,-103
2026-01-11 12:24 PM, slack,-
2026-01-11 03:12 PM, flood,73
2026-01-11 05:58 PM, slack,-
2026-01-11 09:36 PM, ebb,-83
2026-01-12 12:28 AM, slack,-
2026-01-12 03:33 AM, flood,77
2026-01-12 06:23 AM, slack,-
2026-01-12 10:11 AM, ebb,-101
2026-01-12 01:14 PM, slack,-
2026-01-12 04:05 PM, flood,71
2026-01-12 06:50 PM, slack,-
2026-01-12 10:27 PM, ebb,-82
2026-01-13 01:18 AM, slack,-
2026-01-13 04:27 AM, flood,76
2026-01-13 07:14 AM, slack,-
2026-01-13 10:57 AM, ebb,-102
2026-01-13 02:02 PM, slack,-
2026-01-13 04:57 PM, flood,72
2026-01-13 07:41 PM, slack,-
2026-01-13 11:11 PM, ebb,-85
2026-01-14 02:07 AM, slack,-
2026-01-14 05:18 AM, flood,78
2026-01-14 08:03 AM, slack,-
2026-01-14 11:38 AM, ebb,-105
2026-01-14 02:47 PM, slack,-
2026-01-14 05:44 PM, flood,77
2026-01-14 08:29 PM, slack,-
2026-01-14 11:52 PM, ebb,-89
2026-01-15 02:54 AM, slack,-
2026-01-15 06:04 AM, flood,82
2026-01-15 08:49 AM, slack,-
2026-01-15 12:17 PM, ebb,-109
2026-01-15 03:29 PM, slack,-
2026-01-15 06:28 PM, flood,83
2026-01-15 09:14 PM, slack,-
2026-01-16 12:30 AM, ebb,-95
2026-01-16 03:38 AM, slack,-
2026-01-16 06:46 AM, flood,87
2026-01-16 09:31 AM, slack,-
2026-01-16 12:53 PM, ebb,-115
2026-01-16 04:08 PM, slack,-
2026-01-16 07:08 PM, flood,91
2026-01-16 09:56 PM, slack,-
2026-01-17 01:07 AM, ebb,-102
2026-01-17 04:19 AM, slack,-
2026-01-17 07:26 AM, flood,93
2026-01-17 10:11 AM, slack,-
2026-01-17 01:28 PM, ebb,-122
2026-01-17 04:45 PM, slack,-
2026-01-17 07:46 PM, flood,99
2026-01-17 10:37 PM, slack,-
2026-01-18 01:44 AM, ebb,-109
2026-01-18 04:59 AM, slack,-
2026-01-18 08:03 AM, flood,97
2026-01-18 10:49 AM, slack,-
2026-01-18 02:03 PM, ebb,-129
2026-01-18 05:22 PM, slack,-
2026-01-18 08:22 PM, flood,106
2026-01-18 11:18 PM, slack,-
2026-01-19 02:21 AM, ebb,-116
2026-01-19 05:39 AM, slack,-
2026-01-19 08:39 AM, flood,101
2026-01-19 11:29 AM, slack,-
2026-01-19 02:39 PM, ebb,-135
2026-01-19 06:00 PM, slack,-
2026-01-19 08:58 PM, flood,112
2026-01-19 11:58 PM, slack,-
2026-01-20 02:59 AM, ebb,-123
2026-01-20 06:20 AM, slack,-
2026-01-20 09:15 AM, flood,104
2026-01-20 12:10 PM, slack,-
2026-01-20 03:17 PM, ebb,-138
2026-01-20 06:39 PM, slack,-
2026-01-20 09:35 PM, flood,115
2026-01-21 12:40 AM, slack,-
2026-01-21 03:39 AM, ebb,-128
2026-01-21 07:03 AM, slack,-
2026-01-21 09:55 AM, flood,105
2026-01-21 12:53 PM, slack,-
2026-01-21 03:58 PM, ebb,-139
2026-01-21 07:21 PM, slack,-
2026-01-21 10:15 PM, flood,117
2026-01-22 01:22 AM, slack,-
2026-01-22 04:22 AM, ebb,-131
2026-01-22 07:49 AM, slack,-
2026-01-22 10:40 AM, flood,105
2026-01-22 01:38 PM, slack,-
2026-01-22 04:41 PM, ebb,-136
2026-01-22 08:05 PM, slack,-
2026-01-22 11:00 PM, flood,116
2026-01-23 02:06 AM, slack,-
2026-01-23 05:08 AM, ebb,-132
2026-01-23 08:38 AM, slack,-
2026-01-23 11:29 AM, flood,104
2026-01-23 02:26 PM, slack,-
2026-01-23 05:29 PM, ebb,-131
2026-01-23 08:53 PM, slack,-
2026-01-23 11:48 PM, flood,114
2026-01-24 02:53 AM, slack,-
2026-01-24 05:58 AM, ebb,-130
2026-01-24 09:31 AM, slack,-
2026-01-24 12:21 PM, flood,102
2026-01-24 03:17 PM, slack,-
2026-01-24 06:20 PM, ebb,-123
2026-01-24 09:46 PM, slack,-
2026-01-25 12:40 AM, flood,110
2026-01-25 03:43 AM, slack,-
2026-01-25 06:52 AM, ebb,-126
2026-01-25 10:28 AM, slack,-
2026-01-25 01:16 PM, flood,98
2026-01-25 04:13 PM, slack,-
2026-01-25 07:17 PM, ebb,-114
2026-01-25 10:43 PM, slack,-
2026-01-26 01:35 AM, flood,104
2026-01-26 04:40 AM, slack,-
2026-01-26 07:53 AM, ebb,-120
2026-01-26 11:29 AM, slack,-
2026-01-26 02:15 PM, flood,92
2026-01-26 05:16 PM, slack,-
2026-01-26 08:22 PM, ebb,-106
2026-01-26 11:44 PM, slack,-
2026-01-27 02:36 AM, flood,97
2026-01-27 05:43 AM, slack,-
2026-01-27 09:05 AM, ebb,-117
2026-01-27 12:32 PM, slack,-
2026-01-27 03:23 PM, flood,88
2026-01-27 06:24 PM, slack,-
2026-01-27 09:39 PM, ebb,-102
2026-01-28 12:49 AM, slack,-
2026-01-28 03:48 AM, flood,94
2026-01-28 06:50 AM, slack,-
2026-01-28 10:23 AM, ebb,-118
2026-01-28 01:38 PM, slack,-
2026-01-28 04:36 PM, flood,90
2026-01-28 07:34 PM, slack,-
2026-01-28 10:56 PM, ebb,-105
2026-01-29 01:56 AM, slack,-
2026-01-29 05:00 AM, flood,96
2026-01-29 07:58 AM, slack,-
2026-01-29 11:32 AM, ebb,-124
2026-01-29 02:43 PM, slack,-
2026-01-29 05:44 PM, flood,96
2026-01-29 08:41 PM, slack,-
2026-01-30 12:04 AM, ebb,-112
2026-01-30 03:02 AM, slack,-
2026-01-30 06:07 AM, flood,102
2026-01-30 09:01 AM, slack,-
2026-01-30 12:34 PM, ebb,-131
2026-01-30 03:44 PM, slack,-
2026-01-30 06:46 PM, flood,105
2026-01-30 09:41 PM, slack,-
2026-01-31 01:07 AM, ebb,-120
2026-01-31 04:04 AM, slack,-
2026-01-31 07:08 AM, flood,110
2026-01-31 09:59 AM, slack,-
2026-01-31 01:32 PM, ebb,-137
2026-01-31 04:39 PM, slack,-
2026-01-31 07:42 PM, flood,114
2026-01-31 10:37 PM, slack,-
2026-02-01 02:04 AM, ebb,-128
2026-02-01 05:01 AM, slack,-
2026-02-01 08:03 AM, flood,115
2026-02-01 10:53 AM, slack,-
2026-02-01 02:26 PM, ebb,-140
2026-02-01 05:30 PM, slack,-
2026-02-01 08:33 PM, flood,119
2026-02-01 11:28 PM, slack,-
2026-02-02 02:56 AM, ebb,-133
2026-02-02 05:54 AM, slack,-
2026-02-02 08:53 AM, flood,116
2026-02-02 11:43 AM, slack,-
2026-02-02 03:14 PM, ebb,-139
2026-02-02 06:17 PM, slack,-
2026-02-02 09:21 PM, flood,120
2026-02-03 12:17 AM, slack,-
2026-02-03 03:45 AM, ebb,-134
2026-02-03 06:45 AM, slack,-
2026-02-03 09:42 AM, flood,114
2026-02-03 12:33 PM, slack,-
2026-02-03 04:00 PM, ebb,-133
2026-02-03 07:04 PM, slack,-
2026-02-03 10:07 PM, flood,117
2026-02-04 01:04 AM, slack,-
2026-02-04 04:32 AM, ebb,-132
2026-02-04 07:35 AM, slack,-
2026-02-04 10:31 AM, flood,108
2026-02-04 01:20 PM, slack,-
2026-02-04 04:45 PM, ebb,-123
2026-02-04 07:49 PM, slack,-
2026-02-04 10:54 PM, flood,110
2026-02-05 01:49 AM, slack,-
2026-02-05 05:19 AM, ebb,-126
2026-02-05 08:25 AM, slack,-
2026-02-05 11:20 AM, flood,100
2026-02-05 02:07 PM, slack,-
2026-02-05 05:29 PM, ebb,-112
2026-02-05 08:35 PM, slack,-
2026-02-05 11:42 PM, flood,102
2026-02-06 02:33 AM, slack,-
2026-02-06 06:06 AM, ebb,-118
2026-02-06 09:14 AM, slack,-
2026-02-06 12:09 PM, flood,92
2026-02-06 02:52 PM, slack,-
2026-02-06 06:14 PM, ebb,-101
2026-02-06 09:21 PM, slack,-
2026-02-07 12:29 AM, flood,94
2026-02-07 03:17 AM, slack,-
2026-02-07 06:53 AM, ebb,-110
2026-02-07 10:03 AM, slack,-
2026-02-07 12:56 PM, flood,84
2026-02-07 03:38 PM, slack,-
2026-02-07 06:59 PM, ebb,-91
2026-02-07 10:09 PM, slack,-
2026-02-08 01:15 AM, flood,86
2026-02-08 04:03 AM, slack,-
2026-02-08 07:40 AM, ebb,-102
2026-02-08 10:53 AM, slack,-
2026-02-08 01:41 PM, flood,77
2026-02-08 04:24 PM, slack,-
2026-02-08 07:46 PM, ebb,-83
2026-02-08 10:58 PM, slack,-
2026-02-09 02:01 AM, flood,79
2026-02-09 04:50 AM, slack,-
2026-02-09 08:31 AM, ebb,-96
2026-02-09 11:41 AM, slack,-
2026-02-09 02:28 PM, flood,70
2026-02-09 05:13 PM, slack,-
2026-02-09 08:39 PM, ebb,-78
2026-02-09 11:47 PM, slack,-
2026-02-10 02:50 AM, flood,73
2026-02-10 05:40 AM, slack,-
2026-02-10 09:23 AM, ebb,-93
2026-02-10 12:30 PM, slack,-
2026-02-10 03:20 PM, flood,66
2026-02-10 06:05 PM, slack,-
2026-02-10 09:36 PM, ebb,-78
2026-02-11 12:38 AM, slack,-
2026-02-11 03:44 AM, flood,70
2026-02-11 06:32 AM, slack,-
2026-02-11 10:13 AM, ebb,-94
2026-02-11 01:18 PM, slack,-
2026-02-11 04:13 PM, flood,67
2026-02-11 06:58 PM, slack,-
2026-02-11 10:27 PM, ebb,-80
2026-02-12 01:28 AM, slack,-
2026-02-12 04:38 AM, flood,72
2026-02-12 07:23 AM, slack,-
2026-02-12 10:57 AM, ebb,-98
2026-02-12 02:05 PM, slack,-
2026-02-12 05:04 PM, flood,72
2026-02-12 07:50 PM, slack,-
2026-02-12 11:12 PM, ebb,-86
2026-02-13 02:18 AM, slack,-
2026-02-13 05:27 AM, flood,76
2026-02-13 08:11 AM, slack,-
2026-02-13 11:36 AM, ebb,-105
2026-02-13 02:50 PM, slack,-
2026-02-13 05:50 PM, flood,80
2026-02-13 08:39 PM, slack,-
2026-02-13 11:53 PM, ebb,-94
2026-02-14 03:05 AM, slack,-
2026-02-14 06:11 AM, flood,83
2026-02-14 08:57 AM, slack,-
2026-02-14 12:14 PM, ebb,-113
2026-02-14 03:31 PM, slack,-
2026-02-14 06:33 PM, flood,90
2026-02-14 09:25 PM, slack,-
2026-02-15 12:33 AM, ebb,-103
2026-02-15 03:48 AM, slack,-
2026-02-15 06:53 AM, flood,91
2026-02-15 09:39 AM, slack,-
2026-02-15 12:52 PM, ebb,-122
2026-02-15 04:11 PM, slack,-
2026-02-15 07:13 PM, flood,101
2026-02-15 10:07 PM, slack,-
2026-02-16 01:13 AM, ebb,-113
2026-02-16 04:30 AM, slack,-
2026-02-16 07:32 AM, flood,99
2026-02-16 10:20 AM, slack,-
2026-02-16 01:31 PM, ebb,-131
2026-02-16 04:50 PM, slack,-
2026-02-16 07:50 PM, flood,110
2026-02-16 10:48 PM, slack,-
2026-02-17 01:53 AM, ebb,-123
2026-02-17 05:11 AM, slack,-
2026-02-17 08:10 AM, flood,106
2026-02-17 11:01 AM, slack,-
2026-02-17 02:10 PM, ebb,-138
2026-02-17 05:29 PM, slack,-
2026-02-17 08:27 PM, flood,118
2026-02-17 11:28 PM, slack,-
2026-02-18 02:33 AM, ebb,-132
2026-02-18 05:53 AM, slack,-
2026-02-18 08:49 AM, flood,112
2026-02-18 11:44 AM, slack,-
2026-02-18 02:51 PM, ebb,-142
2026-02-18 06:10 PM, slack,-
2026-02-18 09:05 PM, flood,122
2026-02-19 12:10 AM, slack,-
2026-02-19 03:14 AM, ebb,-139
2026-02-19 06:37 AM, slack,-
2026-02-19 09:30 AM, flood,114
2026-02-19 12:28 PM, slack,-
2026-02-19 03:33 PM, ebb,-143
2026-02-19 06:53 PM, slack,-
2026-02-19 09:46 PM, flood,123
2026-02-20 12:53 AM, slack,-
2026-02-20 03:57 AM, ebb,-142
2026-02-20 07:23 AM, slack,-
2026-02-20 10:14 AM, flood,114
2026-02-20 01:15 PM, slack,-
2026-02-20 04:17 PM, ebb,-139
2026-02-20 07:39 PM, slack,-
2026-02-20 10:32 PM, flood,121
2026-02-21 01:39 AM, slack,-
2026-02-21 04:43 AM, ebb,-140
2026-02-21 08:13 AM, slack,-
2026-02-21 11:04 AM, flood,111
2026-02-21 02:04 PM, slack,-
2026-02-21 05:05 PM, ebb,-132
2026-02-21 08:28 PM, slack,-
2026-02-21 11:23 PM, flood,116
2026-02-22 02:27 AM, slack,-
2026-02-22 05:34 AM, ebb,-135
2026-02-22 09:07 AM, slack,-
2026-02-22 11:59 AM, flood,106
2026-02-22 02:56 PM, slack,-
2026-02-22 05:58 PM, ebb,-122
2026-02-22 09:23 PM, slack,-
2026-02-23 12:18 AM, flood,109
2026-02-23 03:20 AM, slack,-
2026-02-23 06:30 AM, ebb,-127
2026-02-23 10:05 AM, slack,-
2026-02-23 12:56 PM, flood,99
2026-02-23 03:54 PM, slack,-
2026-02-23 06:57 PM, ebb,-111
2026-02-23 10:23 PM, slack,-
2026-02-24 01:17 AM, flood,101
2026-02-24 04:19 AM, slack,-
2026-02-24 07:34 AM, ebb,-118
2026-02-24 11:09 AM, slack,-
2026-02-24 01:58 PM, flood,92
2026-02-24 04:58 PM, slack,-
2026-02-24 08:06 PM, ebb,-102
2026-02-24 11:28 PM, slack,-
2026-02-25 02:22 AM, flood,94
2026-02-25 05:25 AM, slack,-
2026-02-25 08:53 AM, ebb,-112
2026-02-25 12:15 PM, slack,-
2026-02-25 03:08 PM, flood,86
2026-02-25 06:08 PM, slack,-
2026-02-25 09:34 PM, ebb,-99
2026-02-26 12:37 AM, slack,-
2026-02-26 03:36 AM, flood,90
2026-02-26 06:36 AM, slack,-
2026-02-26 10:16 AM, ebb,-114
2026-02-26 01:23 PM, slack,-
2026-02-26 04:23 PM, flood,87
2026-02-26 07:20 PM, slack,-
2026-02-26 10:53 PM, ebb,-104
2026-02-27 01:47 AM, slack,-
2026-02-27 04:51 AM, flood,92
2026-02-27 07:45 AM, slack,-
2026-02-27 11:24 AM, ebb,-120
2026-02-27 02:29 PM, slack,-
2026-02-27 05:33 PM, flood,95
2026-02-27 08:28 PM, slack,-
2026-02-27 11:57 PM, ebb,-113
2026-02-28 02:54 AM, slack,-
2026-02-28 05:58 AM, flood,100
2026-02-28 08:50 AM, slack,-
2026-02-28 12:23 PM, ebb,-127
2026-02-28 03:30 PM, slack,-
2026-02-28 06:33 PM, flood,105
2026-02-28 09:28 PM, slack,-
2026-03-01 12:56 AM, ebb,-124
2026-03-01 03:55 AM, slack,-
2026-03-01 06:56 AM, flood,108
2026-03-01 09:47 AM, slack,-
2026-03-01 01:19 PM, ebb,-133
2026-03-01 04:23 PM, slack,-
2026-03-01 07:27 PM, flood,114
2026-03-01 10:21 PM, slack,-
2026-03-02 01:50 AM, ebb,-132
2026-03-02 04:50 AM, slack,-
2026-03-02 07:49 AM, flood,114
2026-03-02 10:38 AM, slack,-
2026-03-02 02:09 PM, ebb,-135
2026-03-02 05:11 PM, slack,-
2026-03-02 08:15 PM, flood,119
2026-03-02 11:08 PM, slack,-
2026-03-03 02:39 AM, ebb,-138
2026-03-03 05:39 AM, slack,-
2026-03-03 08:37 AM, flood,116
2026-03-03 11:26 AM, slack,-
2026-03-03 02:56 PM, ebb,-134
2026-03-03 05:56 PM, slack,-
2026-03-03 08:59 PM, flood,120
2026-03-03 11:53 PM, slack,-
2026-03-04 03:24 AM, ebb,-139
2026-03-04 06:26 AM, slack,-
2026-03-04 09:22 AM, flood,114
2026-03-04 12:12 PM, slack,-
2026-03-04 03:38 PM, ebb,-128
2026-03-04 06:39 PM, slack,-
2026-03-04 09:42 PM, flood,116
2026-03-05 12:36 AM, slack,-
2026-03-05 04:06 AM, ebb,-135
2026-03-05 07:11 AM, slack,-
2026-03-05 10:06 AM, flood,108
2026-03-05 12:56 PM, slack,-
2026-03-05 04:18 PM, ebb,-119
2026-03-05 07:21 PM, slack,-
2026-03-05 10:25 PM, flood,108
2026-03-06 01:18 AM, slack,-
2026-03-06 04:47 AM, ebb,-127
2026-03-06 07:55 AM, slack,-
2026-03-06 10:50 AM, flood,100
2026-03-06 01:38 PM, slack,-
2026-03-06 04:56 PM, ebb,-109
2026-03-06 08:03 PM, slack,-
2026-03-06 11:09 PM, flood,100
2026-03-07 01:59 AM, slack,-
2026-03-07 05:27 AM, ebb,-118
2026-03-07 08:39 AM, slack,-
2026-03-07 11:35 AM, flood,92
2026-03-07 02:20 PM, slack,-
2026-03-07 05:32 PM, ebb,-100
2026-03-07 08:46 PM, slack,-
2026-03-07 11:54 PM, flood,91
2026-03-08 03:41 AM, slack,-
2026-03-08 07:07 AM, ebb,-108
2026-03-08 10:23 AM, slack,-
2026-03-08 01:19 PM, flood,84
2026-03-08 04:01 PM, slack,-
2026-03-08 07:09 PM, ebb,-92
2026-03-08 10:31 PM, slack,-
2026-03-09 01:39 AM, flood,83
2026-03-09 04:24 AM, slack,-
2026-03-09 07:48 AM, ebb,-100
2026-03-09 11:09 AM, slack,-
2026-03-09 02:03 PM, flood,76
2026-03-09 04:44 PM, slack,-
2026-03-09 07:50 PM, ebb,-85
2026-03-09 11:19 PM, slack,-
2026-03-10 02:23 AM, flood,77
2026-03-10 05:10 AM, slack,-
2026-03-10 08:31 AM, ebb,-94
2026-03-10 11:57 AM, slack,-
2026-03-10 02:47 PM, flood,71
2026-03-10 05:31 PM, slack,-
2026-03-10 08:36 PM, ebb,-80
2026-03-11 12:08 AM, slack,-
2026-03-11 03:09 AM, flood,71
2026-03-11 05:58 AM, slack,-
2026-03-11 09:21 AM, ebb,-90
2026-03-11 12:45 PM, slack,-
2026-03-11 03:34 PM, flood,68
2026-03-11 06:22 PM, slack,-
2026-03-11 09:32 PM, ebb,-78
2026-03-12 12:59 AM, slack,-
2026-03-12 04:00 AM, flood,68
2026-03-12 06:49 AM, slack,-
2026-03-12 10:16 AM, ebb,-91
2026-03-12 01:33 PM, slack,-
2026-03-12 04:26 PM, flood,68
2026-03-12 07:16 PM, slack,-
2026-03-12 10:35 PM, ebb,-80
2026-03-13 01:50 AM, slack,-
2026-03-13 04:54 AM, flood,68
2026-03-13 07:41 AM, slack,-
2026-03-13 11:07 AM, ebb,-95
2026-03-13 02:21 PM, slack,-
2026-03-13 05:20 PM, flood,72
2026-03-13 08:11 PM, slack,-
2026-03-13 11:30 PM, ebb,-87
2026-03-14 02:41 AM, slack,-
2026-03-14 05:47 AM, flood,73
2026-03-14 08:32 AM, slack,-
2026-03-14 11:53 AM, ebb,-103
2026-03-14 03:07 PM, slack,-
2026-03-14 06:10 PM, flood,81
2026-03-14 09:03 PM, slack,-
2026-03-15 12:16 AM, ebb,-96
2026-03-15 03:31 AM, slack,-
2026-03-15 06:34 AM, flood,81
2026-03-15 09:21 AM, slack,-
2026-03-15 12:35 PM, ebb,-113
2026-03-15 03:53 PM, slack,-
2026-03-15 06:55 PM, flood,92
2026-03-15 09:51 PM, slack,-
2026-03-16 12:59 AM, ebb,-108
2026-03-16 04:17 AM, slack,-
2026-03-16 07:19 AM, flood,91
2026-03-16 10:07 AM, slack,-
2026-03-16 01:16 PM, ebb,-122
2026-03-16 04:36 PM, slack,-
2026-03-16 07:37 PM, flood,103
2026-03-16 10:35 PM, slack,-
2026-03-17 01:41 AM, ebb,-120
2026-03-17 05:01 AM, slack,-
2026-03-17 08:01 AM, flood,102
2026-03-17 10:52 AM, slack,-
2026-03-17 01:59 PM, ebb,-131
2026-03-17 05:18 PM, slack,-
2026-03-17 08:17 PM, flood,114
2026-03-17 11:17 PM, slack,-
2026-03-18 02:24 AM, ebb,-131
2026-03-18 05:45 AM, slack,-
2026-03-18 08:42 AM, flood,111
2026-03-18 11:36 AM, slack,-
2026-03-18 02:42 PM, ebb,-138
2026-03-18 06:00 PM, slack,-
2026-03-18 08:58 PM, flood,121
2026-03-18 11:58 PM, slack,-
2026-03-19 03:07 AM, ebb,-140
2026-03-19 06:28 AM, slack,-
2026-03-19 09:24 AM, flood,118
2026-03-19 12:21 PM, slack,-
2026-03-19 03:26 PM, ebb,-142
2026-03-19 06:43 PM, slack,-
2026-03-19 09:39 PM, flood,126
2026-03-20 12:41 AM, slack,-
2026-03-20 03:50 AM, ebb,-146
2026-03-20 07:13 AM, slack,-
2026-03-20 10:07 AM, flood,121
2026-03-20 01:07 PM, slack,-
2026-03-20 04:10 PM, ebb,-142
2026-03-20 07:28 PM, slack,-
2026-03-20 10:22 PM, flood,125
2026-03-21 01:27 AM, slack,-
2026-03-21 04:35 AM, ebb,-148
2026-03-21 08:01 AM, slack,-
2026-03-21 10:53 AM, flood,119
2026-03-21 01:55 PM, slack,-
2026-03-21 04:56 PM, ebb,-138
2026-03-21 08:16 PM, slack,-
2026-03-21 11:10 PM, flood,121
2026-03-22 02:15 AM, slack,-
2026-03-22 05:22 AM, ebb,-144
2026-03-22 08:52 AM, slack,-
2026-03-22 11:44 AM, flood,114
2026-03-22 02:46 PM, slack,-
2026-03-22 05:46 PM, ebb,-130
2026-03-22 09:09 PM, slack,-
2026-03-23 12:04 AM, flood,114
2026-03-23 03:07 AM, slack,-
2026-03-23 06:15 AM, ebb,-136
2026-03-23 09:47 AM, slack,-
2026-03-23 12:41 PM, flood,106
2026-03-23 03:40 PM, slack,-
2026-03-23 06:41 PM, ebb,-119
2026-03-23 10:06 PM, slack,-
2026-03-24 01:03 AM, flood,106
2026-03-24 04:02 AM, slack,-
2026-03-24 07:14 AM, ebb,-125
2026-03-24 10:48 AM, slack,-
2026-03-24 01:42 PM, flood,98
2026-03-24 04:39 PM, slack,-
2026-03-24 07:45 PM, ebb,-108
2026-03-24 11:09 PM, slack,-
2026-03-25 02:06 AM, flood,98
2026-03-25 05:04 AM, slack,-
2026-03-25 08:22 AM, ebb,-115
2026-03-25 11:53 AM, slack,-
2026-03-25 02:46 PM, flood,91
2026-03-25 05:44 PM, slack,-
2026-03-25 09:03 PM, ebb,-100
2026-03-26 12:18 AM, slack,-
2026-03-26 03:13 AM, flood,91
2026-03-26 06:11 AM, slack,-
2026-03-26 09:46 AM, ebb,-110
2026-03-26 01:00 PM, slack,-
2026-03-26 03:55 PM, flood,87
2026-03-26 06:55 PM, slack,-
2026-03-26 10:32 PM, ebb,-100
2026-03-27 01:28 AM, slack,-
2026-03-27 04:26 AM, flood,87
2026-03-27 07:22 AM, slack,-
2026-03-27 11:06 AM, ebb,-111
2026-03-27 02:07 PM, slack,-
2026-03-27 05:09 PM, flood,88
2026-03-27 08:06 PM, slack,-
2026-03-27 11:44 PM, ebb,-108
2026-03-28 02:38 AM, slack,-
2026-03-28 05:39 AM, flood,90
2026-03-28 08:31 AM, slack,-
2026-03-28 12:10 PM, ebb,-117
2026-03-28 03:11 PM, slack,-
2026-03-28 06:16 PM, flood,96
2026-03-28 09:11 PM, slack,-
2026-03-29 12:44 AM, ebb,-118
2026-03-29 03:43 AM, slack,-
2026-03-29 06:44 AM, flood,98
2026-03-29 09:34 AM, slack,-
2026-03-29 01:06 PM, ebb,-122
2026-03-29 04:09 PM, slack,-
2026-03-29 07:15 PM, flood,104
2026-03-29 10:08 PM, slack,-
2026-03-30 01:39 AM, ebb,-128
2026-03-30 04:42 AM, slack,-
2026-03-30 07:40 AM, flood,105
2026-03-30 10:30 AM, slack,-
2026-03-30 01:59 PM, ebb,-126
2026-03-30 05:01 PM, slack,-
2026-03-30 08:06 PM, flood,112
2026-03-30 10:58 PM, slack,-
2026-03-31 02:29 AM, ebb,-135
2026-03-31 05:33 AM, slack,-
2026-03-31 08:31 AM, flood,111
2026-03-31 11:20 AM, slack,-
2026-03-31 02:48 PM, ebb,-127
2026-03-31 05:47 PM, slack,-
2026-03-31 08:52 PM, flood,116
2026-03-31 11:43 PM, slack,-
2026-04-01 03:16 AM, ebb,-139
2026-04-01 06:19 AM, slack,-
2026-04-01 09:16 AM, flood,114
2026-04-01 12:05 PM, slack,-
2026-04-01 03:33 PM, ebb,-126
2026-04-01 06:30 PM, slack,-
2026-04-01 09:35 PM, flood,115
2026-04-02 12:25 AM, slack,-
2026-04-02 03:58 AM, ebb,-138
2026-04-02 07:02 AM, slack,-
2026-04-02 09:58 AM, flood,112
2026-04-02 12:47 PM, slack,-
2026-04-02 04:12 PM, ebb,-121
2026-04-02 07:11 PM, slack,-
2026-04-02 10:15 PM, flood,111
2026-04-03 01:05 AM, slack,-
2026-04-03 04:37 AM, ebb,-134
2026-04-03 07:43 AM, slack,-
2026-04-03 10:38 AM, flood,107
2026-04-03 01:28 PM, slack,-
2026-04-03 04:48 PM, ebb,-114
2026-04-03 07:51 PM, slack,-
2026-04-03 10:55 PM, flood,104
2026-04-04 01:45 AM, slack,-
2026-04-04 05:13 AM, ebb,-126
2026-04-04 08:23 AM, slack,-
2026-04-04 11:18 AM, flood,100
2026-04-04 02:07 PM, slack,-
2026-04-04 05:20 PM, ebb,-107
2026-04-04 08:31 PM, slack,-
2026-04-04 11:35 PM, flood,96
2026-04-05 02:25 AM, slack,-
2026-04-05 05:46 AM, ebb,-117
2026-04-05 09:03 AM, slack,-
2026-04-05 11:59 AM, flood,92
2026-04-05 02:47 PM, slack,-
2026-04-05 05:51 PM, ebb,-100
2026-04-05 09:12 PM, slack,-
2026-04-06 12:18 AM, flood,89
2026-04-06 03:06 AM, slack,-
2026-04-06 06:21 AM, ebb,-109
2026-04-06 09:44 AM, slack,-
2026-04-06 12:42 PM, flood,84
2026-04-06 03:27 PM, slack,-
2026-04-06 06:26 PM, ebb,-95
2026-04-06 09:55 PM, slack,-
2026-04-07 01:02 AM, flood,82
2026-04-07 03:47 AM, slack,-
2026-04-07 06:58 AM, ebb,-102
2026-04-07 10:27 AM, slack,-
2026-04-07 01:25 PM, flood,79
2026-04-07 04:09 PM, slack,-
2026-04-07 07:06 PM, ebb,-90
2026-04-07 10:41 PM, slack,-
2026-04-08 01:46 AM, flood,77
2026-04-08 04:30 AM, slack,-
2026-04-08 07:39 AM, ebb,-98
2026-04-08 11:13 AM, slack,-
2026-04-08 02:08 PM, flood,76
2026-04-08 04:54 PM, slack,-
2026-04-08 07:52 PM, ebb,-86
2026-04-08 11:30 PM, slack,-
2026-04-09 02:30 AM, flood,72
2026-04-09 05:16 AM, slack,-
2026-04-09 08:26 AM, ebb,-95
2026-04-09 12:00 PM, slack,-
2026-04-09 02:52 PM, flood,74
2026-04-09 05:44 PM, slack,-
2026-04-09 08:45 PM, ebb,-84
2026-04-10 12:21 AM, slack,-
2026-04-10 03:16 AM, flood,70
2026-04-10 06:06 AM, slack,-
2026-04-10 09:17 AM, ebb,-95
2026-04-10 12:48 PM, slack,-
2026-04-10 03:40 PM, flood,75
2026-04-10 06:37 PM, slack,-
2026-04-10 09:44 PM, ebb,-86
2026-04-11 01:13 AM, slack,-
2026-04-11 04:08 AM, flood,70
2026-04-11 06:58 AM, slack,-
2026-04-11 10:13 AM, ebb,-98
2026-04-11 01:36 PM, slack,-
2026-04-11 04:32 PM, flood,78
2026-04-11 07:32 PM, slack,-
2026-04-11 10:45 PM, ebb,-92
2026-04-12 02:05 AM, slack,-
2026-04-12 05:03 AM, flood,74
2026-04-12 07:52 AM, slack,-
2026-04-12 11:08 AM, ebb,-104
2026-04-12 02:25 PM, slack,-
2026-04-12 05:25 PM, flood,85
2026-04-12 08:24 PM, slack,-
2026-04-12 11:38 PM, ebb,-102
2026-04-13 02:56 AM, slack,-
2026-04-13 05:56 AM, flood,82
2026-04-13 08:45 AM, slack,-
2026-04-13 11:57 AM, ebb,-112
2026-04-13 03:13 PM, slack,-
2026-04-13 06:14 PM, flood,94
2026-04-13 09:14 PM, slack,-
2026-04-14 12:25 AM, ebb,-114
2026-04-14 03:46 AM, slack,-
2026-04-14 06:44 AM, flood,92
2026-04-14 09:36 AM, slack,-
2026-04-14 12:43 PM, ebb,-121
2026-04-14 04:00 PM, slack,-
2026-04-14 07:00 PM, flood,105
2026-04-14 10:01 PM, slack,-
2026-04-15 01:10 AM, ebb,-126
2026-04-15 04:33 AM, slack,-
2026-04-15 07:31 AM, flood,104
2026-04-15 10:25 AM, slack,-
2026-04-15 01:29 PM, ebb,-129
2026-04-15 04:47 PM, slack,-
2026-04-15 07:45 PM, flood,114
2026-04-15 10:46 PM, slack,-
2026-04-16 01:56 AM, ebb,-137
2026-04-16 05:19 AM, slack,-
2026-04-16 08:16 AM, flood,114
2026-04-16 11:13 AM, slack,-
2026-04-16 02:16 PM, ebb,-134
2026-04-16 05:33 PM, slack,-
2026-04-16 08:30 PM, flood,121
2026-04-16 11:31 PM, slack,-
2026-04-17 02:42 AM, ebb,-145
2026-04-17 06:05 AM, slack,-
2026-04-17 09:02 AM, flood,120
2026-04-17 12:00 PM, slack,-
2026-04-17 03:04 PM, ebb,-138
2026-04-17 06:19 PM, slack,-
2026-04-17 09:16 PM, flood,125
2026-04-18 12:17 AM, slack,-
2026-04-18 03:29 AM, ebb,-149
2026-04-18 06:52 AM, slack,-
2026-04-18 09:48 AM, flood,122
2026-04-18 12:48 PM, slack,-
2026-04-18 03:52 PM, ebb,-138
2026-04-18 07:08 PM, slack,-
2026-04-18 10:03 PM, flood,124
2026-04-19 01:05 AM, slack,-
2026-04-19 04:17 AM, ebb,-149
2026-04-19 07:42 AM, slack,-
2026-04-19 10:36 AM, flood,120
2026-04-19 01:39 PM, slack,-
2026-04-19 04:41 PM, ebb,-134
2026-04-19 07:59 PM, slack,-
2026-04-19 10:54 PM, flood,119
2026-04-20 01:57 AM, slack,-
2026-04-20 05:07 AM, ebb,-143
2026-04-20 08:35 AM, slack,-
2026-04-20 11:29 AM, flood,114
2026-04-20 02:32 PM, slack,-
2026-04-20 05:33 PM, ebb,-126
2026-04-20 08:54 PM, slack,-
2026-04-20 11:51 PM, flood,111
2026-04-21 02:51 AM, slack,-
2026-04-21 06:02 AM, ebb,-134
2026-04-21 09:32 AM, slack,-
2026-04-21 12:29 PM, flood,106
2026-04-21 03:28 PM, slack,-
2026-04-21 06:32 PM, ebb,-116
2026-04-21 09:54 PM, slack,-
2026-04-22 12:54 AM, flood,103
2026-04-22 03:49 AM, slack,-
2026-04-22 07:04 AM, ebb,-123
2026-04-22 10:33 AM, slack,-
2026-04-22 01:32 PM, flood,99
2026-04-22 04:28 PM, slack,-
2026-04-22 07:42 PM, ebb,-107
2026-04-22 10:59 PM, slack,-
2026-04-23 01:58 AM, flood,95
2026-04-23 04:50 AM, slack,-
2026-04-23 08:16 AM, ebb,-114
2026-04-23 11:37 AM, slack,-
2026-04-23 02:35 PM, flood,94
2026-04-23 05:33 PM, slack,-
2026-04-23 09:03 PM, ebb,-102
2026-04-24 12:09 AM, slack,-
2026-04-24 03:03 AM, flood,90
2026-04-24 05:57 AM, slack,-
2026-04-24 09:35 AM, ebb,-108
2026-04-24 12:42 PM, slack,-
2026-04-24 03:41 PM, flood,90
2026-04-24 06:40 PM, slack,-
2026-04-24 10:22 PM, ebb,-105
2026-04-25 01:18 AM, slack,-
2026-04-25 04:13 AM, flood,86
2026-04-25 07:05 AM, slack,-
2026-04-25 10:48 AM, ebb,-108
2026-04-25 01:46 PM, slack,-
2026-04-25 04:49 PM, flood,91
2026-04-25 07:46 PM, slack,-
2026-04-25 11:27 PM, ebb,-112
2026-04-26 02:24 AM, slack,-
2026-04-26 05:22 AM, flood,88
2026-04-26 08:12 AM, slack,-
2026-04-26 11:50 AM, ebb,-111
2026-04-26 02:47 PM, slack,-
2026-04-26 05:53 PM, flood,95
2026-04-26 08:48 PM, slack,-
2026-04-27 12:24 AM, ebb,-121
2026-04-27 03:27 AM, slack,-
2026-04-27 06:24 AM, flood,94
2026-04-27 09:14 AM, slack,-
2026-04-27 12:44 PM, ebb,-114
2026-04-27 03:43 PM, slack,-
2026-04-27 06:50 PM, flood,100
2026-04-27 09:42 PM, slack,-
2026-04-28 01:15 AM, ebb,-128
2026-04-28 04:22 AM, slack,-
2026-04-28 07:18 AM, flood,100
2026-04-28 10:09 AM, slack,-
2026-04-28 01:35 PM, ebb,-116
2026-04-28 04:35 PM, slack,-
2026-04-28 07:40 PM, flood,105
2026-04-28 10:30 PM, slack,-
2026-04-29 02:04 AM, ebb,-133
2026-04-29 05:11 AM, slack,-
2026-04-29 08:07 AM, flood,105
2026-04-29 10:56 AM, slack,-
2026-04-29 02:23 PM, ebb,-116
2026-04-29 05:21 PM, slack,-
2026-04-29 08:26 PM, flood,108
2026-04-29 11:14 PM, slack,-
2026-04-30 02:49 AM, ebb,-135
2026-04-30 05:55 AM, slack,-
2026-04-30 08:51 AM, flood,108
2026-04-30 11:39 AM, slack,-
2026-04-30 03:06 PM, ebb,-116
2026-04-30 06:03 PM, slack,-
2026-04-30 09:07 PM, flood,108
2026-04-30 11:55 PM, slack,-
2026-05-01 03:29 AM, ebb,-133
2026-05-01 06:35 AM, slack,-
2026-05-01 09:31 AM, flood,107
2026-05-01 12:19 PM, slack,-
2026-05-01 03:44 PM, ebb,-113
2026-05-01 06:42 PM, slack,-
2026-05-01 09:47 PM, flood,105
2026-05-02 12:34 AM, slack,-
2026-05-02 04:06 AM, ebb,-129
2026-05-02 07:13 AM, slack,-
2026-05-02 10:09 AM, flood,104
2026-05-02 12:58 PM, slack,-
2026-05-02 04:18 PM, ebb,-110
2026-05-02 07:21 PM, slack,-
2026-05-02 10:25 PM, flood,101
2026-05-03 01:13 AM, slack,-
2026-05-03 04:39 AM, ebb,-124
2026-05-03 07:50 AM, slack,-
2026-05-03 10:46 AM, flood,98
2026-05-03 01:36 PM, slack,-
2026-05-03 04:47 PM, ebb,-106
2026-05-03 07:59 PM, slack,-
2026-05-03 11:03 PM, flood,95
2026-05-04 01:52 AM, slack,-
2026-05-04 05:09 AM, ebb,-118
2026-05-04 08:28 AM, slack,-
2026-05-04 11:24 AM, flood,93
2026-05-04 02:15 PM, slack,-
2026-05-04 05:16 PM, ebb,-103
2026-05-04 08:39 PM, slack,-
2026-05-04 11:43 PM, flood,89
2026-05-05 02:32 AM, slack,-
2026-05-05 05:40 AM, ebb,-113
2026-05-05 09:07 AM, slack,-
2026-05-05 12:05 PM, flood,88
2026-05-05 02:55 PM, slack,-
2026-05-05 05:51 PM, ebb,-99
2026-05-05 09:21 PM, slack,-
2026-05-06 12:25 AM, flood,83
2026-05-06 03:12 AM, slack,-
2026-05-06 06:17 AM, ebb,-109
2026-05-06 09:48 AM, slack,-
2026-05-06 12:47 PM, flood,85
2026-05-06 03:37 PM, slack,-
2026-05-06 06:32 PM, ebb,-96
2026-05-06 10:06 PM, slack,-
2026-05-07 01:09 AM, flood,79
2026-05-07 03:53 AM, slack,-
2026-05-07 06:58 AM, ebb,-106
2026-05-07 10:31 AM, slack,-
2026-05-07 01:30 PM, flood,84
2026-05-07 04:22 PM, slack,-
2026-05-07 07:18 PM, ebb,-94
2026-05-07 10:54 PM, slack,-
2026-05-08 01:52 AM, flood,76
2026-05-08 04:37 AM, slack,-
2026-05-08 07:43 AM, ebb,-104
2026-05-08 11:17 AM, slack,-
2026-05-08 02:13 PM, flood,84
2026-05-08 05:09 PM, slack,-
2026-05-08 08:08 PM, ebb,-94
2026-05-08 11:45 PM, slack,-
2026-05-09 02:37 AM, flood,75
2026-05-09 05:25 AM, slack,-
2026-05-09 08:33 AM, ebb,-103
2026-05-09 12:05 PM, slack,-
2026-05-09 02:57 PM, flood,85
2026-05-09 06:00 PM, slack,-
2026-05-09 09:02 PM, ebb,-95
2026-05-10 12:37 AM, slack,-
2026-05-10 03:25 AM, flood,75
2026-05-10 06:18 AM, slack,-
2026-05-10 09:26 AM, ebb,-103
2026-05-10 12:54 PM, slack,-
2026-05-10 03:46 PM, flood,87
2026-05-10 06:52 PM, slack,-
2026-05-10 10:01 PM, ebb,-100
2026-05-11 01:29 AM, slack,-
2026-05-11 04:19 AM, flood,78
2026-05-11 07:13 AM, slack,-
2026-05-11 10:24 AM, ebb,-106
2026-05-11 01:44 PM, slack,-
2026-05-11 04:39 PM, flood,91
2026-05-11 07:45 PM, slack,-
2026-05-11 10:58 PM, ebb,-108
2026-05-12 02:22 AM, slack,-
2026-05-12 05:16 AM, flood,84
2026-05-12 08:10 AM, slack,-
2026-05-12 11:20 AM, ebb,-111
2026-05-12 02:35 PM, slack,-
2026-05-12 05:34 PM, flood,97
2026-05-12 08:37 PM, slack,-
2026-05-12 11:51 PM, ebb,-119
2026-05-13 03:14 AM, slack,-
2026-05-13 06:11 AM, flood,93
2026-05-13 09:06 AM, slack,-
2026-05-13 12:12 PM, ebb,-117
2026-05-13 03:27 PM, slack,-
2026-05-13 06:26 PM, flood,104
2026-05-13 09:28 PM, slack,-
2026-05-14 12:41 AM, ebb,-130
2026-05-14 04:06 AM, slack,-
2026-05-14 07:03 AM, flood,104
2026-05-14 10:00 AM, slack,-
2026-05-14 01:03 PM, ebb,-124
2026-05-14 04:19 PM, slack,-
2026-05-14 07:17 PM, flood,112
2026-05-14 10:18 PM, slack,-
2026-05-15 01:31 AM, ebb,-138
2026-05-15 04:56 AM, slack,-
2026-05-15 07:53 AM, flood,112
2026-05-15 10:51 AM, slack,-
2026-05-15 01:55 PM, ebb,-129
2026-05-15 05:10 PM, slack,-
2026-05-15 08:08 PM, flood,118
2026-05-15 11:08 PM, slack,-
2026-05-16 02:22 AM, ebb,-145
2026-05-16 05:46 AM, slack,-
2026-05-16 08:43 AM, flood,118
2026-05-16 11:42 AM, slack,-
2026-05-16 02:47 PM, ebb,-132
2026-05-16 06:00 PM, slack,-
2026-05-16 08:59 PM, flood,121
2026-05-16 11:58 PM, slack,-
2026-05-17 03:14 AM, ebb,-148
2026-05-17 06:36 AM, slack,-
2026-05-17 09:33 AM, flood,121
2026-05-17 12:33 PM, slack,-
2026-05-17 03:40 PM, ebb,-132
2026-05-17 06:52 PM, slack,-
2026-05-17 09:50 PM, flood,121
2026-05-18 12:49 AM, slack,-
2026-05-18 04:06 AM, ebb,-146
2026-05-18 07:28 AM, slack,-
2026-05-18 10:25 AM, flood,118
2026-05-18 01:26 PM, slack,-
2026-05-18 04:32 PM, ebb,-129
2026-05-18 07:47 PM, slack,-
2026-05-18 10:44 PM, flood,116
2026-05-19 01:43 AM, slack,-
2026-05-19 04:58 AM, ebb,-141
2026-05-19 08:22 AM, slack,-
2026-05-19 11:20 AM, flood,113
2026-05-19 02:21 PM, slack,-
2026-05-19 05:28 PM, ebb,-123
2026-05-19 08:44 PM, slack,-
2026-05-19 11:42 PM, flood,109
2026-05-20 02:39 AM, slack,-
2026-05-20 05:54 AM, ebb,-132
2026-05-20 09:19 AM, slack,-
2026-05-20 12:19 PM, flood,107
2026-05-20 03:18 PM, slack,-
2026-05-20 06:31 PM, ebb,-116
2026-05-20 09:45 PM, slack,-
2026-05-21 12:45 AM, flood,102
2026-05-21 03:36 AM, slack,-
2026-05-21 06:57 AM, ebb,-123
2026-05-21 10:18 AM, slack,-
2026-05-21 01:21 PM, flood,102
2026-05-21 04:17 PM, slack,-
2026-05-21 07:42 PM, ebb,-110
2026-05-21 10:50 PM, slack,-
2026-05-22 01:48 AM, flood,95
2026-05-22 04:36 AM, slack,-
2026-05-22 08:06 AM, ebb,-114
2026-05-22 11:19 AM, slack,-
2026-05-22 02:21 PM, flood,98
2026-05-22 05:18 PM, slack,-
2026-05-22 08:54 PM, ebb,-108
2026-05-22 11:57 PM, slack,-
2026-05-23 02:50 AM, flood,90
2026-05-23 05:39 AM, slack,-
2026-05-23 09:16 AM, ebb,-107
2026-05-23 12:20 PM, slack,-
2026-05-23 03:21 PM, flood,94
2026-05-23 06:19 PM, slack,-
2026-05-23 10:02 PM, ebb,-110
2026-05-24 01:02 AM, slack,-
2026-05-24 03:53 AM, flood,86
2026-05-24 06:44 AM, slack,-
2026-05-24 10:24 AM, ebb,-103
2026-05-24 01:19 PM, slack,-
2026-05-24 04:22 PM, flood,92
2026-05-24 07:20 PM, slack,-
2026-05-24 11:04 PM, ebb,-114
2026-05-25 02:04 AM, slack,-
2026-05-25 04:57 AM, flood,86
2026-05-25 07:47 AM, slack,-
2026-05-25 11:25 AM, ebb,-102
2026-05-25 02:17 PM, slack,-
2026-05-25 05:24 PM, flood,92
2026-05-25 08:17 PM, slack,-
2026-05-25 11:58 PM, ebb,-120
2026-05-26 03:03 AM, slack,-
2026-05-26 05:57 AM, flood,88
2026-05-26 08:47 AM, slack,-
2026-05-26 12:18 PM, ebb,-103
2026-05-26 03:13 PM, slack,-
2026-05-26 06:20 PM, flood,93
2026-05-26 09:10 PM, slack,-
2026-05-27 12:48 AM, ebb,-123
2026-05-27 03:56 AM, slack,-
2026-05-27 06:51 AM, flood,92
2026-05-27 09:41 AM, slack,-
2026-05-27 01:07 PM, ebb,-104
2026-05-27 04:05 PM, slack,-
2026-05-27 07:10 PM, flood,96
2026-05-27 09:59 PM, slack,-
2026-05-28 01:34 AM, ebb,-126
2026-05-28 04:44 AM, slack,-
2026-05-28 07:39 AM, flood,96
2026-05-28 10:28 AM, slack,-
2026-05-28 01:54 PM, ebb,-105
2026-05-28 04:51 PM, slack,-
2026-05-28 07:57 PM, flood,98
2026-05-28 10:43 PM, slack,-
2026-05-29 02:18 AM, ebb,-126
2026-05-29 05:27 AM, slack,-
2026-05-29 08:22 AM, flood,99
2026-05-29 11:10 AM, slack,-
2026-05-29 02:36 PM, ebb,-106
2026-05-29 05:33 PM, slack,-
2026-05-29 08:39 PM, flood,100
2026-05-29 11:24 PM, slack,-
2026-05-30 02:59 AM, ebb,-126
2026-05-30 06:05 AM, slack,-
2026-05-30 09:02 AM, flood,100
2026-05-30 11:49 AM, slack,-
2026-05-30 03:14 PM, ebb,-106
2026-05-30 06:12 PM, slack,-
2026-05-30 09:18 PM, flood,100
2026-05-31 12:03 AM, slack,-
2026-05-31 03:34 AM, ebb,-124
2026-05-31 06:42 AM, slack,-
2026-05-31 09:39 AM, flood,100
2026-05-31 12:27 PM, slack,-
2026-05-31 03:47 PM, ebb,-106
2026-05-31 06:50 PM, slack,-
2026-05-31 09:55 PM, flood,98
2026-06-01 12:42 AM, slack,-
2026-06-01 04:05 AM, ebb,-123
2026-06-01 07:18 AM, slack,-
2026-06-01 10:15 AM, flood,98
2026-06-01 01:06 PM, slack,-
2026-06-01 04:16 PM, ebb,-106
2026-06-01 07:28 PM, slack,-
2026-06-01 10:32 PM, flood,95
2026-06-02 01:20 AM, slack,-
2026-06-02 04:34 AM, ebb,-121
2026-06-02 07:54 AM, slack,-
2026-06-02 10:52 AM, flood,97
2026-06-02 01:45 PM, slack,-
2026-06-02 04:46 PM, ebb,-106
2026-06-02 08:08 PM, slack,-
2026-06-02 11:09 PM, flood,91
2026-06-03 01:59 AM, slack,-
2026-06-03 05:06 AM, ebb,-120
2026-06-03 08:32 AM, slack,-
2026-06-03 11:30 AM, flood,95
2026-06-03 02:26 PM, slack,-
2026-06-03 05:21 PM, ebb,-106
2026-06-03 08:49 PM, slack,-
2026-06-03 11:49 PM, flood,87
2026-06-04 02:38 AM, slack,-
2026-06-04 05:42 AM, ebb,-119
2026-06-04 09:11 AM, slack,-
2026-06-04 12:10 PM, flood,95
2026-06-04 03:07 PM, slack,-
2026-06-04 06:02 PM, ebb,-106
2026-06-04 09:33 PM, slack,-
2026-06-05 12:31 AM, flood,85
2026-06-05 03:19 AM, slack,-
2026-06-05 06:23 AM, ebb,-117
2026-06-05 09:53 AM, slack,-
2026-06-05 12:52 PM, flood,95
2026-06-05 03:50 PM, slack,-
2026-06-05 06:47 PM, ebb,-106
2026-06-05 10:20 PM, slack,-
2026-06-06 01:15 AM, flood,83
2026-06-06 04:02 AM, slack,-
2026-06-06 07:07 AM, ebb,-115
2026-06-06 10:37 AM, slack,-
2026-06-06 01:35 PM, flood,96
2026-06-06 04:35 PM, slack,-
2026-06-06 07:35 PM, ebb,-106
2026-06-06 11:09 PM, slack,-
2026-06-07 02:00 AM, flood,83
2026-06-07 04:49 AM, slack,-
2026-06-07 07:55 AM, ebb,-112
2026-06-07 11:25 AM, slack,-
2026-06-07 02:18 PM, flood,96
2026-06-07 05:22 PM, slack,-
2026-06-07 08:26 PM, ebb,-108
2026-06-08 12:01 AM, slack,-
2026-06-08 02:47 AM, flood,83
2026-06-08 05:41 AM, slack,-
2026-06-08 08:47 AM, ebb,-110
2026-06-08 12:15 PM, slack,-
2026-06-08 03:05 PM, flood,96
2026-06-08 06:13 PM, slack,-
2026-06-08 09:21 PM, ebb,-110
2026-06-09 12:55 AM, slack,-
2026-06-09 03:40 AM, flood,84
2026-06-09 06:38 AM, slack,-
2026-06-09 09:45 AM, ebb,-108
2026-06-09 01:07 PM, slack,-
2026-06-09 03:58 PM, flood,96
2026-06-09 07:07 PM, slack,-
2026-06-09 10:21 PM, ebb,-114
2026-06-10 01:49 AM, slack,-
2026-06-10 04:39 AM, flood,87
2026-06-10 07:38 AM, slack,-
2026-06-10 10:45 AM, ebb,-109
2026-06-10 02:02 PM, slack,-
2026-06-10 04:57 PM, flood,97
2026-06-10 08:03 PM, slack,-
2026-06-10 11:21 PM, ebb,-121
2026-06-11 02:45 AM, slack,-
2026-06-11 05:40 AM, flood,93
2026-06-11 08:38 AM, slack,-
2026-06-11 11:45 AM, ebb,-112
2026-06-11 02:59 PM, slack,-
2026-06-11 05:57 PM, flood,102
2026-06-11 09:00 PM, slack,-
2026-06-12 12:17 AM, ebb,-129
2026-06-12 03:42 AM, slack,-
2026-06-12 06:39 AM, flood,100
2026-06-12 09:37 AM, slack,-
2026-06-12 12:42 PM, ebb,-117
2026-06-12 03:56 PM, slack,-
2026-06-12 06:55 PM, flood,107
2026-06-12 09:56 PM, slack,-
2026-06-13 01:13 AM, ebb,-136
2026-06-13 04:37 AM, slack,-
2026-06-13 07:35 AM, flood,108
2026-06-13 10:34 AM, slack,-
2026-06-13 01:39 PM, ebb,-122
2026-06-13 04:52 PM, slack,-
2026-06-13 07:52 PM, flood,113
2026-06-13 10:50 PM, slack,-
2026-06-14 02:10 AM, ebb,-141
2026-06-14 05:31 AM, slack,-
2026-06-14 08:30 AM, flood,114
2026-06-14 11:28 AM, slack,-
2026-06-14 02:38 PM, ebb,-126
2026-06-14 05:47 PM, slack,-
2026-06-14 08:48 PM, flood,117
2026-06-14 11:44 PM, slack,-
2026-06-15 03:06 AM, ebb,-144
2026-06-15 06:24 AM, slack,-
2026-06-15 09:23 AM, flood,118
2026-06-15 12:22 PM, slack,-
2026-06-15 03:35 PM, ebb,-128
2026-06-15 06:41 PM, slack,-
2026-06-15 09:42 PM, flood,118
2026-06-16 12:38 AM, slack,-
2026-06-16 04:00 AM, ebb,-144
2026-06-16 07:17 AM, slack,-
2026-06-16 10:16 AM, flood,118
2026-06-16 01:16 PM, slack,-
2026-06-16 04:31 PM, ebb,-128
2026-06-16 07:37 PM, slack,-
2026-06-16 10:36 PM, flood,115
2026-06-17 01:32 AM, slack,-
2026-06-17 04:53 AM, ebb,-140
2026-06-17 08:10 AM, slack,-
2026-06-17 11:10 AM, flood,116
2026-06-17 02:11 PM, slack,-
2026-06-17 05:27 PM, ebb,-125
2026-06-17 08:35 PM, slack,-
2026-06-17 11:34 PM, flood,109
2026-06-18 02:27 AM, slack,-
2026-06-18 05:48 AM, ebb,-132
2026-06-18 09:04 AM, slack,-
2026-06-18 12:07 PM, flood,111
2026-06-18 03:06 PM, slack,-
2026-06-18 06:28 PM, ebb,-121
2026-06-18 09:35 PM, slack,-
2026-06-19 12:34 AM, flood,103
2026-06-19 03:23 AM, slack,-
2026-06-19 06:47 AM, ebb,-123
2026-06-19 09:59 AM, slack,-
2026-06-19 01:05 PM, flood,107
2026-06-19 04:01 PM, slack,-
2026-06-19 07:31 PM, ebb,-117
2026-06-19 10:36 PM, slack,-
2026-06-20 01:33 AM, flood,97
2026-06-20 04:19 AM, slack,-
2026-06-20 07:48 AM, ebb,-113
2026-06-20 10:56 AM, slack,-
2026-06-20 02:01 PM, flood,102
2026-06-20 04:56 PM, slack,-
2026-06-20 08:33 PM, ebb,-114
2026-06-20 11:38 PM, slack,-
2026-06-21 02:30 AM, flood,91
2026-06-21 05:17 AM, slack,-
2026-06-21 08:51 AM, ebb,-104
2026-06-21 11:53 AM, slack,-
2026-06-21 02:55 PM, flood,96
2026-06-21 05:52 PM, slack,-
2026-06-21 09:35 PM, ebb,-112
2026-06-22 12:39 AM, slack,-
2026-06-22 03:27 AM, flood,85
2026-06-22 06:16 AM, slack,-
2026-06-22 09:54 AM, ebb,-97
2026-06-22 12:49 PM, slack,-
2026-06-22 03:51 PM, flood,90
2026-06-22 06:47 PM, slack,-
2026-06-22 10:34 PM, ebb,-112
2026-06-23 01:37 AM, slack,-
2026-06-23 04:26 AM, flood,82
2026-06-23 07:16 AM, slack,-
2026-06-23 10:55 AM, ebb,-93
2026-06-23 01:45 PM, slack,-
2026-06-23 04:50 PM, flood,86
2026-06-23 07:42 PM, slack,-
2026-06-23 11:28 PM, ebb,-113
2026-06-24 02:32 AM, slack,-
2026-06-24 05:25 AM, flood,80
2026-06-24 08:13 AM, slack,-
2026-06-24 11:48 AM, ebb,-92
2026-06-24 02:39 PM, slack,-
2026-06-24 05:47 PM, flood,84
2026-06-24 08:35 PM, slack,-
2026-06-25 12:17 AM, ebb,-114
2026-06-25 03:25 AM, slack,-
2026-06-25 06:19 AM, flood,82
2026-06-25 09:07 AM, slack,-
2026-06-25 12:37 PM, ebb,-93
2026-06-25 03:31 PM, slack,-
2026-06-25 06:39 PM, flood,86
2026-06-25 09:25 PM, slack,-
2026-06-26 01:03 AM, ebb,-115
2026-06-26 04:13 AM, slack,-
2026-06-26 07:07 AM, flood,85
2026-06-26 09:55 AM, slack,-
2026-06-26 01:22 PM, ebb,-95
2026-06-26 04:19 PM, slack,-
2026-06-26 07:26 PM, flood,89
2026-06-26 10:11 PM, slack,-
2026-06-27 01:46 AM, ebb,-116
2026-06-27 04:55 AM, slack,-
2026-06-27 07:52 AM, flood,89
2026-06-27 10:38 AM, slack,-
2026-06-27 02:04 PM, ebb,-98
2026-06-27 05:03 PM, slack,-
2026-06-27 08:09 PM, flood,92
2026-06-27 10:53 PM, slack,-
2026-06-28 02:26 AM, ebb,-118
2026-06-28 05:34 AM, slack,-
2026-06-28 08:32 AM, flood,93
2026-06-28 11:18 AM, slack,-
2026-06-28 02:42 PM, ebb,-101
2026-06-28 05:42 PM, slack,-
2026-06-28 08:49 PM, flood,95
2026-06-28 11:32 PM, slack,-
2026-06-29 03:01 AM, ebb,-120
2026-06-29 06:10 AM, slack,-
2026-06-29 09:10 AM, flood,97
2026-06-29 11:57 AM, slack,-
2026-06-29 03:15 PM, ebb,-105
2026-06-29 06:20 PM, slack,-
2026-06-29 09:26 PM, flood,96
2026-06-30 12:10 AM, slack,-
2026-06-30 03:32 AM, ebb,-123
2026-06-30 06:45 AM, slack,-
2026-06-30 09:45 AM, flood,100
2026-06-30 12:36 PM, slack,-
2026-06-30 03:46 PM, ebb,-108
2026-06-30 06:59 PM, slack,-
2026-06-30 10:01 PM, flood,96
2026-07-01 12:48 AM, slack,-
2026-07-01 04:02 AM, ebb,-126
2026-07-01 07:21 AM, slack,-
2026-07-01 10:20 AM, flood,103
2026-07-01 01:16 PM, slack,-
2026-07-01 04:18 PM, ebb,-112
2026-07-01 07:38 PM, slack,-
2026-07-01 10:37 PM, flood,95
2026-07-02 01:26 AM, slack,-
2026-07-02 04:34 AM, ebb,-128
2026-07-02 07:58 AM, slack,-
2026-07-02 10:56 AM, flood,104
2026-07-02 01:56 PM, slack,-
2026-07-02 04:53 PM, ebb,-115
2026-07-02 08:18 PM, slack,-
2026-07-02 11:14 PM, flood,94
2026-07-03 02:06 AM, slack,-
2026-07-03 05:10 AM, ebb,-128
2026-07-03 08:36 AM, slack,-
2026-07-03 11:33 AM, flood,106
2026-07-03 02:37 PM, slack,-
2026-07-03 05:33 PM, ebb,-117
2026-07-03 09:01 PM, slack,-
2026-07-03 11:55 PM, flood,93
2026-07-04 02:47 AM, slack,-
2026-07-04 05:51 AM, ebb,-128
2026-07-04 09:17 AM, slack,-
2026-07-04 12:14 PM, flood,106
2026-07-04 03:18 PM, slack,-
2026-07-04 06:16 PM, ebb,-119
2026-07-04 09:47 PM, slack,-
2026-07-05 12:39 AM, flood,93
2026-07-05 03:31 AM, slack,-
2026-07-05 06:35 AM, ebb,-125
2026-07-05 10:01 AM, slack,-
2026-07-05 12:58 PM, flood,106
2026-07-05 04:01 PM, slack,-
2026-07-05 07:03 PM, ebb,-119
2026-07-05 10:35 PM, slack,-
2026-07-06 01:26 AM, flood,93
2026-07-06 04:18 AM, slack,-
2026-07-06 07:23 AM, ebb,-120
2026-07-06 10:49 AM, slack,-
2026-07-06 01:43 PM, flood,105
2026-07-06 04:47 PM, slack,-
2026-07-06 07:52 PM, ebb,-119
2026-07-06 11:28 PM, slack,-
2026-07-07 02:14 AM, flood,92
2026-07-07 05:10 AM, slack,-
2026-07-07 08:14 AM, ebb,-115
2026-07-07 11:41 AM, slack,-
2026-07-07 02:31 PM, flood,102
2026-07-07 05:38 PM, slack,-
2026-07-07 08:47 PM, ebb,-118
2026-07-08 12:23 AM, slack,-
2026-07-08 03:07 AM, flood,90
2026-07-08 06:07 AM, slack,-
2026-07-08 09:11 AM, ebb,-109
2026-07-08 12:36 PM, slack,-
2026-07-08 03:25 PM, flood,99
2026-07-08 06:33 PM, slack,-
2026-07-08 09:48 PM, ebb,-118
2026-07-09 01:21 AM, slack,-
2026-07-09 04:07 AM, flood,89
2026-07-09 07:09 AM, slack,-
2026-07-09 10:16 AM, ebb,-106
2026-07-09 01:34 PM, slack,-
2026-07-09 04:27 PM, flood,96
2026-07-09 07:34 PM, slack,-
2026-07-09 10:55 PM, ebb,-120
2026-07-10 02:21 AM, slack,-
2026-07-10 05:14 AM, flood,90
2026-07-10 08:14 AM, slack,-
2026-07-10 11:24 AM, ebb,-107
2026-07-10 02:36 PM, slack,-
2026-07-10 05:35 PM, flood,98
2026-07-10 08:37 PM, slack,-
2026-07-11 12:00 AM, ebb,-125
2026-07-11 03:22 AM, slack,-
2026-07-11 06:20 AM, flood,96
2026-07-11 09:18 AM, slack,-
2026-07-11 12:29 PM, ebb,-111
2026-07-11 03:38 PM, slack,-
2026-07-11 06:40 PM, flood,102
2026-07-11 09:39 PM, slack,-
2026-07-12 01:02 AM, ebb,-131
2026-07-12 04:22 AM, slack,-
2026-07-12 07:22 AM, flood,103
2026-07-12 10:19 AM, slack,-
2026-07-12 01:33 PM, ebb,-117
2026-07-12 04:39 PM, slack,-
2026-07-12 07:42 PM, flood,109
2026-07-12 10:38 PM, slack,-
2026-07-13 02:03 AM, ebb,-137
2026-07-13 05:19 AM, slack,-
2026-07-13 08:20 AM, flood,111
2026-07-13 11:17 AM, slack,-
2026-07-13 02:36 PM, ebb,-123
2026-07-13 05:37 PM, slack,-
2026-07-13 08:40 PM, flood,115
2026-07-13 11:34 PM, slack,-
2026-07-14 03:02 AM, ebb,-141
2026-07-14 06:13 AM, slack,-
2026-07-14 09:15 AM, flood,118
2026-07-14 12:11 PM, slack,-
2026-07-14 03:34 PM, ebb,-129
2026-07-14 06:33 PM, slack,-
2026-07-14 09:35 PM, flood,117
2026-07-15 12:27 AM, slack,-
2026-07-15 03:55 AM, ebb,-143
2026-07-15 07:04 AM, slack,-
2026-07-15 10:07 AM, flood,120
2026-07-15 01:05 PM, slack,-
2026-07-15 04:28 PM, ebb,-132
2026-07-15 07:29 PM, slack,-
2026-07-15 10:28 PM, flood,116
2026-07-16 01:21 AM, slack,-
2026-07-16 04:46 AM, ebb,-139
2026-07-16 07:55 AM, slack,-
2026-07-16 10:58 AM, flood,119
2026-07-16 01:57 PM, slack,-
2026-07-16 05:21 PM, ebb,-131
2026-07-16 08:24 PM, slack,-
2026-07-16 11:21 PM, flood,111
2026-07-17 02:14 AM, slack,-
2026-07-17 05:37 AM, ebb,-132
2026-07-17 08:46 AM, slack,-
2026-07-17 11:50 AM, flood,115
2026-07-17 02:49 PM, slack,-
2026-07-17 06:15 PM, ebb,-128
2026-07-17 09:20 PM, slack,-
2026-07-18 12:17 AM, flood,105
2026-07-18 03:06 AM, slack,-
2026-07-18 06:30 AM, ebb,-122
2026-07-18 09:37 AM, slack,-
2026-07-18 12:44 PM, flood,109
2026-07-18 03:39 PM, slack,-
2026-07-18 07:10 PM, ebb,-123
2026-07-18 10:16 PM, slack,-
2026-07-19 01:12 AM, flood,98
2026-07-19 03:58 AM, slack,-
2026-07-19 07:24 AM, ebb,-110
2026-07-19 10:29 AM, slack,-
2026-07-19 01:36 PM, flood,102
2026-07-19 04:28 PM, slack,-
2026-07-19 08:06 PM, ebb,-117
2026-07-19 11:13 PM, slack,-
2026-07-20 02:05 AM, flood,91
2026-07-20 04:50 AM, slack,-
2026-07-20 08:20 AM, ebb,-100
2026-07-20 11:22 AM, slack,-
2026-07-20 02:27 PM, flood,94
2026-07-20 05:19 PM, slack,-
2026-07-20 09:01 PM, ebb,-111
2026-07-21 12:09 AM, slack,-
2026-07-21 02:57 AM, flood,84
2026-07-21 05:44 AM, slack,-
2026-07-21 09:19 AM, ebb,-91
2026-07-21 12:16 PM, slack,-
2026-07-21 03:18 PM, flood,86
2026-07-21 06:11 PM, slack,-
2026-07-21 09:58 PM, ebb,-106
2026-07-22 01:04 AM, slack,-
2026-07-22 03:50 AM, flood,77
2026-07-22 06:39 AM, slack,-
2026-07-22 10:18 AM, ebb,-85
2026-07-22 01:10 PM, slack,-
2026-07-22 04:13 PM, flood,79
2026-07-22 07:04 PM, slack,-
2026-07-22 10:53 PM, ebb,-103
2026-07-23 01:56 AM, slack,-
2026-07-23 04:47 AM, flood,73
2026-07-23 07:34 AM, slack,-
2026-07-23 11:14 AM, ebb,-83
2026-07-23 02:03 PM, slack,-
2026-07-23 05:10 PM, flood,76
2026-07-23 07:58 PM, slack,-
2026-07-23 11:44 PM, ebb,-103
2026-07-24 02:48 AM, slack,-
2026-07-24 05:42 AM, flood,72
2026-07-24 08:27 AM, slack,-
2026-07-24 12:03 PM, ebb,-85
2026-07-24 02:56 PM, slack,-
2026-07-24 06:04 PM, flood,77
2026-07-24 08:49 PM, slack,-
2026-07-25 12:29 AM, ebb,-104
2026-07-25 03:36 AM, slack,-
2026-07-25 06:32 AM, flood,76
2026-07-25 09:17 AM, slack,-
2026-07-25 12:48 PM, ebb,-88
2026-07-25 03:45 PM, slack,-
2026-07-25 06:53 PM, flood,81
2026-07-25 09:37 PM, slack,-
2026-07-26 01:11 AM, ebb,-108
2026-07-26 04:20 AM, slack,-
2026-07-26 07:18 AM, flood,81
2026-07-26 10:04 AM, slack,-
2026-07-26 01:29 PM, ebb,-93
2026-07-26 04:30 PM, slack,-
2026-07-26 07:38 PM, flood,86
2026-07-26 10:21 PM, slack,-
2026-07-27 01:49 AM, ebb,-112
2026-07-27 04:59 AM, slack,-
2026-07-27 08:00 AM, flood,88
2026-07-27 10:47 AM, slack,-
2026-07-27 02:07 PM, ebb,-99
2026-07-27 05:12 PM, slack,-
2026-07-27 08:18 PM, flood,91
2026-07-27 11:01 PM, slack,-
2026-07-28 02:24 AM, ebb,-118
2026-07-28 05:36 AM, slack,-
2026-07-28 08:38 AM, flood,96
2026-07-28 11:27 AM, slack,-
2026-07-28 02:42 PM, ebb,-106
2026-07-28 05:51 PM, slack,-
2026-07-28 08:55 PM, flood,95
2026-07-28 11:39 PM, slack,-
2026-07-29 02:56 AM, ebb,-124
2026-07-29 06:11 AM, slack,-
2026-07-29 09:13 AM, flood,103
2026-07-29 12:06 PM, slack,-
2026-07-29 03:15 PM, ebb,-113
2026-07-29 06:29 PM, slack,-
2026-07-29 09:31 PM, flood,99
2026-07-30 12:17 AM, slack,-
2026-07-30 03:29 AM, ebb,-130
2026-07-30 06:47 AM, slack,-
2026-07-30 09:48 AM, flood,109
2026-07-30 12:45 PM, slack,-
2026-07-30 03:49 PM, ebb,-120
2026-07-30 07:08 PM, slack,-
2026-07-30 10:05 PM, flood,101
2026-07-31 12:56 AM, slack,-
2026-07-31 04:03 AM, ebb,-134
2026-07-31 07:24 AM, slack,-
2026-07-31 10:22 AM, flood,113
2026-07-31 01:24 PM, slack,-
2026-07-31 04:25 PM, ebb,-126
2026-07-31 07:48 PM, slack,-
2026-07-31 10:42 PM, flood,103
2026-08-01 01:36 AM, slack,-
2026-08-01 04:41 AM, ebb,-136
2026-08-01 08:03 AM, slack,-
2026-08-01 10:59 AM, flood,115
2026-08-01 02:04 PM, slack,-
2026-08-01 05:04 PM, ebb,-130
2026-08-01 08:30 PM, slack,-
2026-08-01 11:22 PM, flood,104
2026-08-02 02:19 AM, slack,-
2026-08-02 05:21 AM, ebb,-135
2026-08-02 08:45 AM, slack,-
2026-08-02 11:39 AM, flood,115
2026-08-02 02:46 PM, slack,-
2026-08-02 05:46 PM, ebb,-131
2026-08-02 09:16 PM, slack,-
2026-08-03 12:06 AM, flood,103
2026-08-03 03:04 AM, slack,-
2026-08-03 06:05 AM, ebb,-131
2026-08-03 09:29 AM, slack,-
2026-08-03 12:24 PM, flood,113
2026-08-03 03:29 PM, slack,-
2026-08-03 06:32 PM, ebb,-130
2026-08-03 10:04 PM, slack,-
2026-08-04 12:55 AM, flood,101
2026-08-04 03:51 AM, slack,-
2026-08-04 06:54 AM, ebb,-125
2026-08-04 10:18 AM, slack,-
2026-08-04 01:12 PM, flood,110
2026-08-04 04:16 PM, slack,-
2026-08-04 07:23 PM, ebb,-127
2026-08-04 10:57 PM, slack,-
2026-08-05 01:46 AM, flood,98
2026-08-05 04:43 AM, slack,-
2026-08-05 07:46 AM, ebb,-117
2026-08-05 11:12 AM, slack,-
2026-08-05 02:04 PM, flood,105
2026-08-05 05:08 PM, slack,-
2026-08-05 08:18 PM, ebb,-122
2026-08-05 11:55 PM, slack,-
2026-08-06 02:41 AM, flood,94
2026-08-06 05:41 AM, slack,-
2026-08-06 08:44 AM, ebb,-109
2026-08-06 12:11 PM, slack,-
2026-08-06 03:01 PM, flood,99
2026-08-06 06:07 PM, slack,-
2026-08-06 09:22 PM, ebb,-117
2026-08-07 12:57 AM, slack,-
2026-08-07 03:43 AM, flood,89
2026-08-07 06:45 AM, slack,-
2026-08-07 09:53 AM, ebb,-102
2026-08-07 01:14 PM, slack,-
2026-08-07 04:06 PM, flood,94
2026-08-07 07:12 PM, slack,-
2026-08-07 10:37 PM, ebb,-116
2026-08-08 02:01 AM, slack,-
2026-08-08 04:54 AM, flood,87
2026-08-08 07:54 AM, slack,-
2026-08-08 11:12 AM, ebb,-102
2026-08-08 02:19 PM, slack,-
2026-08-08 05:20 PM, flood,93
2026-08-08 08:20 PM, slack,-
2026-08-08 11:51 PM, ebb,-120
2026-08-09 03:06 AM, slack,-
2026-08-09 06:06 AM, flood,92
2026-08-09 09:03 AM, slack,-
2026-08-09 12:25 PM, ebb,-108
2026-08-09 03:26 PM, slack,-
2026-08-09 06:30 PM, flood,99
2026-08-09 09:26 PM, slack,-
2026-08-10 12:56 AM, ebb,-127
2026-08-10 04:09 AM, slack,-
2026-08-10 07:11 AM, flood,101
2026-08-10 10:08 AM, slack,-
2026-08-10 01:30 PM, ebb,-117
2026-08-10 04:30 PM, slack,-
2026-08-10 07:34 PM, flood,106
2026-08-10 10:27 PM, slack,-
2026-08-11 01:57 AM, ebb,-134
2026-08-11 05:07 AM, slack,-
2026-08-11 08:10 AM, flood,111
2026-08-11 11:06 AM, slack,-
2026-08-11 02:31 PM, ebb,-126
2026-08-11 05:29 PM, slack,-
2026-08-11 08:32 PM, flood,114
2026-08-11 11:23 PM, slack,-
2026-08-12 02:54 AM, ebb,-139
2026-08-12 05:59 AM, slack,-
2026-08-12 09:04 AM, flood,119
2026-08-12 11:59 AM, slack,-
2026-08-12 03:27 PM, ebb,-134
2026-08-12 06:25 PM, slack,-
2026-08-12 09:25 PM, flood,118
2026-08-13 12:16 AM, slack,-
2026-08-13 03:46 AM, ebb,-140
2026-08-13 06:49 AM, slack,-
2026-08-13 09:53 AM, flood,123
2026-08-13 12:49 PM, slack,-
2026-08-13 04:17 PM, ebb,-138
2026-08-13 07:17 PM, slack,-
2026-08-13 10:15 PM, flood,118
2026-08-14 01:07 AM, slack,-
2026-08-14 04:33 AM, ebb,-137
2026-08-14 07:37 AM, slack,-
2026-08-14 10:41 AM, flood,121
2026-08-14 01:38 PM, slack,-
2026-08-14 05:05 PM, ebb,-138
2026-08-14 08:09 PM, slack,-
2026-08-14 11:05 PM, flood,114
2026-08-15 01:57 AM, slack,-
2026-08-15 05:20 AM, ebb,-129
2026-08-15 08:24 AM, slack,-
2026-08-15 11:29 AM, flood,116
2026-08-15 02:25 PM, slack,-
2026-08-15 05:53 PM, ebb,-133
2026-08-15 09:00 PM, slack,-
2026-08-15 11:55 PM, flood,106
2026-08-16 02:45 AM, slack,-
2026-08-16 06:07 AM, ebb,-119
2026-08-16 09:12 AM, slack,-
2026-08-16 12:18 PM, flood,108
2026-08-16 03:11 PM, slack,-
2026-08-16 06:42 PM, ebb,-125
2026-08-16 09:50 PM, slack,-
2026-08-17 12:46 AM, flood,98
2026-08-17 03:33 AM, slack,-
2026-08-17 06:55 AM, ebb,-107
2026-08-17 10:00 AM, slack,-
2026-08-17 01:08 PM, flood,99
2026-08-17 03:57 PM, slack,-
2026-08-17 07:32 PM, ebb,-116
2026-08-17 10:42 PM, slack,-
2026-08-18 01:36 AM, flood,90
2026-08-18 04:20 AM, slack,-
2026-08-18 07:45 AM, ebb,-96
2026-08-18 10:50 AM, slack,-
2026-08-18 01:56 PM, flood,90
2026-08-18 04:44 PM, slack,-
2026-08-18 08:23 PM, ebb,-107
2026-08-18 11:34 PM, slack,-
2026-08-19 02:24 AM, flood,81
2026-08-19 05:08 AM, slack,-
2026-08-19 08:37 AM, ebb,-86
2026-08-19 11:42 AM, slack,-
2026-08-19 02:45 PM, flood,81
2026-08-19 05:33 PM, slack,-
2026-08-19 09:16 PM, ebb,-99
2026-08-20 12:25 AM, slack,-
2026-08-20 03:13 AM, flood,74
2026-08-20 05:59 AM, slack,-
2026-08-20 09:33 AM, ebb,-80
2026-08-20 12:34 PM, slack,-
2026-08-20 03:36 PM, flood,74
2026-08-20 06:25 PM, slack,-
2026-08-20 10:12 PM, ebb,-94
2026-08-21 01:16 AM, slack,-
2026-08-21 04:05 AM, flood,68
2026-08-21 06:51 AM, slack,-
2026-08-21 10:32 AM, ebb,-78
2026-08-21 01:26 PM, slack,-
2026-08-21 04:31 PM, flood,70
2026-08-21 07:18 PM, slack,-
2026-08-21 11:04 PM, ebb,-94
2026-08-22 02:06 AM, slack,-
2026-08-22 05:00 AM, flood,67
2026-08-22 07:45 AM, slack,-
2026-08-22 11:25 AM, ebb,-80
2026-08-22 02:18 PM, slack,-
2026-08-22 05:26 PM, flood,71
2026-08-22 08:10 PM, slack,-
2026-08-22 11:51 PM, ebb,-96
2026-08-23 02:54 AM, slack,-
2026-08-23 05:53 AM, flood,70
2026-08-23 08:38 AM, slack,-
2026-08-23 12:11 PM, ebb,-84
2026-08-23 03:09 PM, slack,-
2026-08-23 06:17 PM, flood,74
2026-08-23 08:59 PM, slack,-
2026-08-24 12:31 AM, ebb,-102
2026-08-24 03:39 AM, slack,-
2026-08-24 06:40 AM, flood,78
2026-08-24 09:28 AM, slack,-
2026-08-24 12:51 PM, ebb,-91
2026-08-24 03:56 PM, slack,-
2026-08-24 07:03 PM, flood,80
2026-08-24 09:45 PM, slack,-
2026-08-25 01:08 AM, ebb,-109
2026-08-25 04:20 AM, slack,-
2026-08-25 07:23 AM, flood,87
2026-08-25 10:13 AM, slack,-
2026-08-25 01:29 PM, ebb,-100
2026-08-25 04:39 PM, slack,-
2026-08-25 07:44 PM, flood,88
2026-08-25 10:27 PM, slack,-
2026-08-26 01:44 AM, ebb,-117
2026-08-26 04:59 AM, slack,-
2026-08-26 08:02 AM, flood,97
2026-08-26 10:55 AM, slack,-
2026-08-26 02:06 PM, ebb,-110
2026-08-26 05:20 PM, slack,-
2026-08-26 08:23 PM, flood,95
2026-08-26 11:07 PM, slack,-
2026-08-27 02:19 AM, ebb,-125
2026-08-27 05:36 AM, slack,-
2026-08-27 08:39 AM, flood,106
2026-08-27 11:34 AM, slack,-
2026-08-27 02:42 PM, ebb,-119
2026-08-27 05:59 PM, slack,-
2026-08-27 08:59 PM, flood,102
2026-08-27 11:47 PM, slack,-
2026-08-28 02:56 AM, ebb,-132
2026-08-28 06:13 AM, slack,-
2026-08-28 09:14 AM, flood,114
2026-08-28 12:12 PM, slack,-
2026-08-28 03:18 PM, ebb,-129
2026-08-28 06:38 PM, slack,-
2026-08-28 09:35 PM, flood,108
2026-08-29 12:27 AM, slack,-
2026-08-29 03:34 AM, ebb,-138
2026-08-29 06:52 AM, slack,-
2026-08-29 09:49 AM, flood,119
2026-08-29 12:51 PM, slack,-
2026-08-29 03:56 PM, ebb,-136
2026-08-29 07:19 PM, slack,-
2026-08-29 10:12 PM, flood,112
2026-08-30 01:09 AM, slack,-
2026-08-30 04:13 AM, ebb,-140
2026-08-30 07:32 AM, slack,-
2026-08-30 10:27 AM, flood,121
2026-08-30 01:32 PM, slack,-
2026-08-30 04:36 PM, ebb,-140
2026-08-30 08:02 PM, slack,-
2026-08-30 10:53 PM, flood,113
2026-08-31 01:53 AM, slack,-
2026-08-31 04:55 AM, ebb,-139
2026-08-31 08:16 AM, slack,-
2026-08-31 11:08 AM, flood,120
2026-08-31 02:15 PM, slack,-
2026-08-31 05:19 PM, ebb,-141
2026-08-31 08:48 PM, slack,-
2026-08-31 11:38 PM, flood,111
2026-09-01 02:39 AM, slack,-
2026-09-01 05:40 AM, ebb,-134
2026-09-01 09:02 AM, slack,-
2026-09-01 11:55 AM, flood,116
2026-09-01 03:01 PM, slack,-
2026-09-01 06:06 PM, ebb,-137
2026-09-01 09:37 PM, slack,-
2026-09-02 12:28 AM, flood,107
2026-09-02 03:28 AM, slack,-
2026-09-02 06:29 AM, ebb,-126
2026-09-02 09:53 AM, slack,-
2026-09-02 12:47 PM, flood,110
2026-09-02 03:50 PM, slack,-
2026-09-02 06:58 PM, ebb,-131
2026-09-02 10:32 PM, slack,-
2026-09-03 01:23 AM, flood,101
2026-09-03 04:21 AM, slack,-
2026-09-03 07:23 AM, ebb,-116
2026-09-03 10:50 AM, slack,-
2026-09-03 01:44 PM, flood,104
2026-09-03 04:45 PM, slack,-
2026-09-03 07:56 PM, ebb,-122
2026-09-03 11:33 PM, slack,-
2026-09-04 02:21 AM, flood,95
2026-09-04 05:21 AM, slack,-
2026-09-04 08:25 AM, ebb,-106
2026-09-04 11:52 AM, slack,-
2026-09-04 02:44 PM, flood,97
2026-09-04 05:47 PM, slack,-
2026-09-04 09:04 PM, ebb,-115
2026-09-05 12:37 AM, slack,-
2026-09-05 03:26 AM, flood,88
2026-09-05 06:28 AM, slack,-
2026-09-05 09:41 AM, ebb,-100
2026-09-05 12:59 PM, slack,-
2026-09-05 03:53 PM, flood,91
2026-09-05 06:56 PM, slack,-
2026-09-05 10:26 PM, ebb,-112
2026-09-06 01:44 AM, slack,-
2026-09-06 04:40 AM, flood,86
2026-09-06 07:40 AM, slack,-
2026-09-06 11:09 AM, ebb,-101
2026-09-06 02:08 PM, slack,-
2026-09-06 05:10 PM, flood,90
2026-09-06 08:07 PM, slack,-
2026-09-06 11:44 PM, ebb,-116
2026-09-07 02:50 AM, slack,-
2026-09-07 05:53 AM, flood,91
2026-09-07 08:50 AM, slack,-
2026-09-07 12:21 PM, ebb,-110
2026-09-07 03:17 PM, slack,-
2026-09-07 06:21 PM, flood,96
2026-09-07 09:14 PM, slack,-
2026-09-08 12:48 AM, ebb,-124
2026-09-08 03:54 AM, slack,-
2026-09-08 06:58 AM, flood,101
2026-09-08 09:54 AM, slack,-
2026-09-08 01:23 PM, ebb,-121
2026-09-08 04:22 PM, slack,-
2026-09-08 07:24 PM, flood,105
2026-09-08 10:16 PM, slack,-
2026-09-09 01:46 AM, ebb,-130
2026-09-09 04:51 AM, slack,-
2026-09-09 07:56 AM, flood,112
2026-09-09 10:51 AM, slack,-
2026-09-09 02:20 PM, ebb,-132
2026-09-09 05:20 PM, slack,-
2026-09-09 08:20 PM, flood,113
2026-09-09 11:11 PM, slack,-
2026-09-10 02:40 AM, ebb,-134
2026-09-10 05:42 AM, slack,-
2026-09-10 08:47 AM, flood,119
2026-09-10 11:41 AM, slack,-
2026-09-10 03:12 PM, ebb,-139
2026-09-10 06:12 PM, slack,-
2026-09-10 09:11 PM, flood,118
2026-09-11 12:01 AM, slack,-
2026-09-11 03:30 AM, ebb,-135
2026-09-11 06:30 AM, slack,-
2026-09-11 09:35 AM, flood,122
2026-09-11 12:28 PM, slack,-
2026-09-11 04:00 PM, ebb,-143
2026-09-11 07:01 PM, slack,-
2026-09-11 09:58 PM, flood,118
2026-09-12 12:50 AM, slack,-
2026-09-12 04:16 AM, ebb,-132
2026-09-12 07:16 AM, slack,-
2026-09-12 10:19 AM, flood,120
2026-09-12 01:14 PM, slack,-
2026-09-12 04:44 PM, ebb,-140
2026-09-12 07:49 PM, slack,-
2026-09-12 10:44 PM, flood,114
2026-09-13 01:36 AM, slack,-
2026-09-13 04:59 AM, ebb,-124
2026-09-13 08:00 AM, slack,-
2026-09-13 11:04 AM, flood,113
2026-09-13 01:58 PM, slack,-
2026-09-13 05:27 PM, ebb,-134
2026-09-13 08:35 PM, slack,-
2026-09-13 11:30 PM, flood,106
2026-09-14 02:21 AM, slack,-
2026-09-14 05:41 AM, ebb,-114
2026-09-14 08:45 AM, slack,-
2026-09-14 11:50 AM, flood,104
2026-09-14 02:41 PM, slack,-
2026-09-14 06:11 PM, ebb,-124
2026-09-14 09:21 PM, slack,-
2026-09-15 12:17 AM, flood,97
2026-09-15 03:05 AM, slack,-
2026-09-15 06:23 AM, ebb,-104
2026-09-15 09:31 AM, slack,-
2026-09-15 12:37 PM, flood,94
2026-09-15 03:25 PM, slack,-
2026-09-15 06:55 PM, ebb,-114
2026-09-15 10:07 PM, slack,-
2026-09-16 01:04 AM, flood,88
2026-09-16 03:48 AM, slack,-
2026-09-16 07:05 AM, ebb,-94
2026-09-16 10:18 AM, slack,-
2026-09-16 01:25 PM, flood,86
2026-09-16 04:10 PM, slack,-
2026-09-16 07:40 PM, ebb,-104
2026-09-16 10:55 PM, slack,-
2026-09-17 01:50 AM, flood,80
2026-09-17 04:32 AM, slack,-
2026-09-17 07:49 AM, ebb,-86
2026-09-17 11:07 AM, slack,-
2026-09-17 02:12 PM, flood,78
2026-09-17 04:56 PM, slack,-
2026-09-17 08:27 PM, ebb,-95
2026-09-17 11:44 PM, slack,-
2026-09-18 02:35 AM, flood,73
2026-09-18 05:19 AM, slack,-
2026-09-18 08:38 AM, ebb,-80
2026-09-18 11:58 AM, slack,-
2026-09-18 02:59 PM, flood,72
2026-09-18 05:45 PM, slack,-
2026-09-18 09:18 PM, ebb,-90
2026-09-19 12:33 AM, slack,-
2026-09-19 03:23 AM, flood,68
2026-09-19 06:10 AM, slack,-
2026-09-19 09:35 AM, ebb,-77
2026-09-19 12:49 PM, slack,-
2026-09-19 03:49 PM, flood,68
2026-09-19 06:36 PM, slack,-
2026-09-19 10:11 PM, ebb,-89
2026-09-20 01:21 AM, slack,-
2026-09-20 04:14 AM, flood,67
2026-09-20 07:03 AM, slack,-
2026-09-20 10:36 AM, ebb,-79
2026-09-20 01:40 PM, slack,-
2026-09-20 04:43 PM, flood,67
2026-09-20 07:27 PM, slack,-
2026-09-20 11:02 PM, ebb,-92
2026-09-21 02:08 AM, slack,-
2026-09-21 05:08 AM, flood,71
2026-09-21 07:57 AM, slack,-
2026-09-21 11:27 AM, ebb,-84
2026-09-21 02:31 PM, slack,-
2026-09-21 05:36 PM, flood,70
2026-09-21 08:18 PM, slack,-
2026-09-21 11:45 PM, ebb,-98
2026-09-22 02:54 AM, slack,-
2026-09-22 05:57 AM, flood,78
2026-09-22 08:49 AM, slack,-
2026-09-22 12:11 PM, ebb,-93
2026-09-22 03:20 PM, slack,-
2026-09-22 06:24 PM, flood,77
2026-09-22 09:07 PM, slack,-
2026-09-23 12:25 AM, ebb,-107
2026-09-23 03:38 AM, slack,-
2026-09-23 06:42 AM, flood,88
2026-09-23 09:36 AM, slack,-
2026-09-23 12:50 PM, ebb,-104
2026-09-23 04:05 PM, slack,-
2026-09-23 07:07 PM, flood,86
2026-09-23 09:52 PM, slack,-
2026-09-24 01:03 AM, ebb,-116
2026-09-24 04:20 AM, slack,-
2026-09-24 07:23 AM, flood,98
2026-09-24 10:19 AM, slack,-
2026-09-24 01:28 PM, ebb,-115
2026-09-24 04:47 PM, slack,-
2026-09-24 07:48 PM, flood,96
2026-09-24 10:36 PM, slack,-
2026-09-25 01:42 AM, ebb,-124
2026-09-25 05:00 AM, slack,-
2026-09-25 08:02 AM, flood,108
2026-09-25 11:00 AM, slack,-
2026-09-25 02:07 PM, ebb,-126
2026-09-25 05:28 PM, slack,-
2026-09-25 08:27 PM, flood,105
2026-09-25 11:18 PM, slack,-
2026-09-26 02:23 AM, ebb,-132
2026-09-26 05:41 AM, slack,-
2026-09-26 08:40 AM, flood,116
2026-09-26 11:39 AM, slack,-
2026-09-26 02:47 PM, ebb,-136
2026-09-26 06:09 PM, slack,-
2026-09-26 09:06 PM, flood,113
2026-09-27 12:01 AM, slack,-
2026-09-27 03:05 AM, ebb,-137
2026-09-27 06:22 AM, slack,-
2026-09-27 09:19 AM, flood,122
2026-09-27 12:20 PM, slack,-
2026-09-27 03:29 PM, ebb,-143
2026-09-27 06:51 PM, slack,-
2026-09-27 09:46 PM, flood,118
2026-09-28 12:44 AM, slack,-
2026-09-28 03:48 AM, ebb,-140
2026-09-28 07:05 AM, slack,-
2026-09-28 09:59 AM, flood,123
2026-09-28 01:03 PM, slack,-
2026-09-28 04:11 PM, ebb,-147
2026-09-28 07:36 PM, slack,-
2026-09-28 10:28 PM, flood,119
2026-09-29 01:30 AM, slack,-
2026-09-29 04:32 AM, ebb,-138
2026-09-29 07:51 AM, slack,-
2026-09-29 10:43 AM, flood,121
2026-09-29 01:49 PM, slack,-
2026-09-29 04:56 PM, ebb,-146
2026-09-29 08:24 PM, slack,-
2026-09-29 11:15 PM, flood,116
2026-09-30 02:19 AM, slack,-
2026-09-30 05:18 AM, ebb,-133
2026-09-30 08:40 AM, slack,-
2026-09-30 11:33 AM, flood,116
2026-09-30 02:38 PM, slack,-
2026-09-30 05:45 PM, ebb,-140
2026-09-30 09:16 PM, slack,-
2026-10-01 12:08 AM, flood,109
2026-10-01 03:10 AM, slack,-
2026-10-01 06:10 AM, ebb,-124
2026-10-01 09:34 AM, slack,-
2026-10-01 12:29 PM, flood,109
2026-10-01 03:31 PM, slack,-
2026-10-01 06:39 PM, ebb,-131
2026-10-01 10:13 PM, slack,-
2026-10-02 01:07 AM, flood,102
2026-10-02 04:05 AM, slack,-
2026-10-02 07:07 AM, ebb,-114
2026-10-02 10:34 AM, slack,-
2026-10-02 01:30 PM, flood,102
2026-10-02 04:28 PM, slack,-
2026-10-02 07:40 PM, ebb,-121
2026-10-02 11:15 PM, slack,-
2026-10-03 02:08 AM, flood,95
2026-10-03 05:07 AM, slack,-
2026-10-03 08:15 AM, ebb,-105
2026-10-03 11:40 AM, slack,-
2026-10-03 02:34 PM, flood,94
2026-10-03 05:32 PM, slack,-
2026-10-03 08:52 PM, ebb,-113
2026-10-04 12:21 AM, slack,-
2026-10-04 03:14 AM, flood,90
2026-10-04 06:15 AM, slack,-
2026-10-04 09:39 AM, ebb,-100
2026-10-04 12:49 PM, slack,-
2026-10-04 03:44 PM, flood,89
2026-10-04 06:42 PM, slack,-
2026-10-04 10:18 PM, ebb,-110
2026-10-05 01:27 AM, slack,-
2026-10-05 04:26 AM, flood,89
2026-10-05 07:26 AM, slack,-
2026-10-05 11:04 AM, ebb,-105
2026-10-05 01:59 PM, slack,-
2026-10-05 04:59 PM, flood,89
2026-10-05 07:52 PM, slack,-
2026-10-05 11:32 PM, ebb,-113
2026-10-06 02:32 AM, slack,-
2026-10-06 05:37 AM, flood,93
2026-10-06 08:34 AM, slack,-
2026-10-06 12:10 PM, ebb,-115
2026-10-06 03:07 PM, slack,-
2026-10-06 06:08 PM, flood,95
2026-10-06 09:00 PM, slack,-
2026-10-07 12:33 AM, ebb,-119
2026-10-07 03:34 AM, slack,-
2026-10-07 06:41 AM, flood,102
2026-10-07 09:36 AM, slack,-
2026-10-07 01:08 PM, ebb,-126
2026-10-07 04:10 PM, slack,-
2026-10-07 07:09 PM, flood,103
2026-10-07 10:01 PM, slack,-
2026-10-08 01:29 AM, ebb,-124
2026-10-08 04:31 AM, slack,-
2026-10-08 07:37 AM, flood,110
2026-10-08 10:30 AM, slack,-
2026-10-08 02:02 PM, ebb,-135
2026-10-08 05:06 PM, slack,-
2026-10-08 08:04 PM, flood,111
2026-10-08 10:55 PM, slack,-
2026-10-09 02:22 AM, ebb,-127
2026-10-09 05:21 AM, slack,-
2026-10-09 08:27 AM, flood,115
2026-10-09 11:19 AM, slack,-
2026-10-09 02:52 PM, ebb,-141
2026-10-09 05:55 PM, slack,-
2026-10-09 08:53 PM, flood,115
2026-10-09 11:44 PM, slack,-
2026-10-10 03:11 AM, ebb,-127
2026-10-10 06:08 AM, slack,-
2026-10-10 09:13 AM, flood,117
2026-10-10 12:04 PM, slack,-
2026-10-10 03:37 PM, ebb,-142
2026-10-10 06:41 PM, slack,-
2026-10-10 09:38 PM, flood,116
2026-10-11 12:29 AM, slack,-
2026-10-11 03:55 AM, ebb,-124
2026-10-11 06:52 AM, slack,-
2026-10-11 09:56 AM, flood,114
2026-10-11 12:47 PM, slack,-
2026-10-11 04:20 PM, ebb,-139
2026-10-11 07:25 PM, slack,-
2026-10-11 10:20 PM, flood,112
2026-10-12 01:12 AM, slack,-
2026-10-12 04:36 AM, ebb,-118
2026-10-12 07:35 AM, slack,-
2026-10-12 10:38 AM, flood,108
2026-10-12 01:29 PM, slack,-
2026-10-12 05:00 PM, ebb,-131
2026-10-12 08:07 PM, slack,-
2026-10-12 11:02 PM, flood,104
2026-10-13 01:54 AM, slack,-
2026-10-13 05:13 AM, ebb,-110
2026-10-13 08:18 AM, slack,-
2026-10-13 11:21 AM, flood,100
2026-10-13 02:11 PM, slack,-
2026-10-13 05:38 PM, ebb,-122
2026-10-13 08:49 PM, slack,-
2026-10-13 11:45 PM, flood,96
2026-10-14 02:35 AM, slack,-
2026-10-14 05:49 AM, ebb,-102
2026-10-14 09:00 AM, slack,-
2026-10-14 12:06 PM, flood,91
2026-10-14 02:53 PM, slack,-
2026-10-14 06:16 PM, ebb,-112
2026-10-14 09:32 PM, slack,-
2026-10-15 12:30 AM, flood,88
2026-10-15 03:16 AM, slack,-
2026-10-15 06:25 AM, ebb,-95
2026-10-15 09:45 AM, slack,-
2026-10-15 12:52 PM, flood,84
2026-10-15 03:35 PM, slack,-
2026-10-15 06:54 PM, ebb,-104
2026-10-15 10:16 PM, slack,-
2026-10-16 01:15 AM, flood,81
2026-10-16 03:59 AM, slack,-
2026-10-16 07:04 AM, ebb,-89
2026-10-16 10:31 AM, slack,-
2026-10-16 01:37 PM, flood,78
2026-10-16 04:19 PM, slack,-
2026-10-16 07:35 PM, ebb,-97
2026-10-16 11:01 PM, slack,-
2026-10-17 01:58 AM, flood,77
2026-10-17 04:44 AM, slack,-
2026-10-17 07:49 AM, ebb,-84
2026-10-17 11:21 AM, slack,-
2026-10-17 02:22 PM, flood,72
2026-10-17 05:04 PM, slack,-
2026-10-17 08:18 PM, ebb,-93
2026-10-17 11:48 PM, slack,-
2026-10-18 02:42 AM, flood,74
2026-10-18 05:32 AM, slack,-
2026-10-18 08:39 AM, ebb,-82
2026-10-18 12:11 PM, slack,-
2026-10-18 03:08 PM, flood,69
2026-10-18 05:52 PM, slack,-
2026-10-18 09:07 PM, ebb,-92
2026-10-19 12:34 AM, slack,-
2026-10-19 03:28 AM, flood,74
2026-10-19 06:23 AM, slack,-
2026-10-19 09:36 AM, ebb,-84
2026-10-19 01:02 PM, slack,-
2026-10-19 03:57 PM, flood,68
2026-10-19 06:43 PM, slack,-
2026-10-19 10:00 PM, ebb,-93
2026-10-20 01:21 AM, slack,-
2026-10-20 04:18 AM, flood,76
2026-10-20 07:16 AM, slack,-
2026-10-20 10:34 AM, ebb,-89
2026-10-20 01:52 PM, slack,-
2026-10-20 04:50 PM, flood,70
2026-10-20 07:35 PM, slack,-
2026-10-20 10:52 PM, ebb,-98
2026-10-21 02:07 AM, slack,-
2026-10-21 05:09 AM, flood,82
2026-10-21 08:07 AM, slack,-
2026-10-21 11:25 AM, ebb,-98
2026-10-21 02:41 PM, slack,-
2026-10-21 05:41 PM, flood,76
2026-10-21 08:27 PM, slack,-
2026-10-21 11:40 PM, ebb,-106
2026-10-22 02:54 AM, slack,-
2026-10-22 05:57 AM, flood,90
2026-10-22 08:55 AM, slack,-
2026-10-22 12:09 PM, ebb,-109
2026-10-22 03:29 PM, slack,-
2026-10-22 06:28 PM, flood,86
2026-10-22 09:17 PM, slack,-
2026-10-23 12:24 AM, ebb,-114
2026-10-23 03:40 AM, slack,-
2026-10-23 06:42 AM, flood,99
2026-10-23 09:41 AM, slack,-
2026-10-23 12:51 PM, ebb,-120
2026-10-23 04:14 PM, slack,-
2026-10-23 07:13 PM, flood,97
2026-10-23 10:05 PM, slack,-
2026-10-24 01:08 AM, ebb,-122
2026-10-24 04:26 AM, slack,-
2026-10-24 07:25 AM, flood,108
2026-10-24 10:25 AM, slack,-
2026-10-24 01:34 PM, ebb,-131
2026-10-24 04:59 PM, slack,-
2026-10-24 07:56 PM, flood,107
2026-10-24 10:51 PM, slack,-
2026-10-25 01:53 AM, ebb,-129
2026-10-25 05:11 AM, slack,-
2026-10-25 08:08 AM, flood,115
2026-10-25 11:08 AM, slack,-
2026-10-25 02:18 PM, ebb,-140
2026-10-25 05:43 PM, slack,-
2026-10-25 08:39 PM, flood,115
2026-10-25 11:37 PM, slack,-
2026-10-26 02:39 AM, ebb,-134
2026-10-26 05:56 AM, slack,-
2026-10-26 08:52 AM, flood,121
2026-10-26 11:53 AM, slack,-
2026-10-26 03:04 PM, ebb,-146
2026-10-26 06:28 PM, slack,-
2026-10-26 09:23 PM, flood,120
2026-10-27 12:23 AM, slack,-
2026-10-27 03:26 AM, ebb,-136
2026-10-27 06:42 AM, slack,-
2026-10-27 09:37 AM, flood,122
2026-10-27 12:39 PM, slack,-
2026-10-27 03:50 PM, ebb,-148
2026-10-27 07:15 PM, slack,-
2026-10-27 10:09 PM, flood,120
2026-10-28 01:11 AM, slack,-
2026-10-28 04:13 AM, ebb,-135
2026-10-28 07:31 AM, slack,-
2026-10-28 10:25 AM, flood,120
2026-10-28 01:28 PM, slack,-
2026-10-28 04:38 PM, ebb,-146
2026-10-28 08:06 PM, slack,-
2026-10-28 10:58 PM, flood,116
2026-10-29 02:02 AM, slack,-
2026-10-29 05:03 AM, ebb,-130
2026-10-29 08:24 AM, slack,-
2026-10-29 11:18 AM, flood,114
2026-10-29 02:21 PM, slack,-
2026-10-29 05:29 PM, ebb,-140
2026-10-29 09:00 PM, slack,-
2026-10-29 11:54 PM, flood,110
2026-10-30 02:57 AM, slack,-
2026-10-30 05:57 AM, ebb,-122
2026-10-30 09:21 AM, slack,-
2026-10-30 12:17 PM, flood,107
2026-10-30 03:16 PM, slack,-
2026-10-30 06:26 PM, ebb,-130
2026-10-30 09:57 PM, slack,-
2026-10-31 12:55 AM, flood,104
2026-10-31 03:54 AM, slack,-
2026-10-31 07:00 AM, ebb,-113
2026-10-31 10:23 AM, slack,-
2026-10-31 01:21 PM, flood,100
2026-10-31 04:15 PM, slack,-
2026-10-31 07:30 PM, ebb,-120
2026-10-31 10:59 PM, slack,-
2026-11-01 01:58 AM, flood,98
2026-11-01 03:56 AM, slack,-
2026-11-01 07:14 AM, ebb,-107
2026-11-01 10:30 AM, slack,-
2026-11-01 01:26 PM, flood,94
2026-11-01 04:19 PM, slack,-
2026-11-01 07:44 PM, ebb,-112
2026-11-01 11:03 PM, slack,-
2026-11-02 02:01 AM, flood,94
2026-11-02 05:02 AM, slack,-
2026-11-02 08:36 AM, ebb,-106
2026-11-02 11:40 AM, slack,-
2026-11-02 02:33 PM, flood,89
2026-11-02 05:27 PM, slack,-
2026-11-02 09:04 PM, ebb,-108
2026-11-03 12:07 AM, slack,-
2026-11-03 03:08 AM, flood,93
2026-11-03 06:09 AM, slack,-
2026-11-03 09:51 AM, ebb,-111
2026-11-03 12:48 PM, slack,-
2026-11-03 03:43 PM, flood,88
2026-11-03 06:35 PM, slack,-
2026-11-03 10:15 PM, ebb,-109
2026-11-04 01:10 AM, slack,-
2026-11-04 04:16 AM, flood,95
2026-11-04 07:13 AM, slack,-
2026-11-04 10:53 AM, ebb,-120
2026-11-04 01:53 PM, slack,-
2026-11-04 04:50 PM, flood,93
2026-11-04 07:41 PM, slack,-
2026-11-04 11:14 PM, ebb,-112
2026-11-05 02:10 AM, slack,-
2026-11-05 05:18 AM, flood,99
2026-11-05 08:12 AM, slack,-
2026-11-05 11:47 AM, ebb,-128
2026-11-05 02:53 PM, slack,-
2026-11-05 05:50 PM, flood,99
2026-11-05 08:41 PM, slack,-
2026-11-06 12:09 AM, ebb,-115
2026-11-06 03:07 AM, slack,-
2026-11-06 06:13 AM, flood,104
2026-11-06 09:05 AM, slack,-
2026-11-06 12:39 PM, ebb,-134
2026-11-06 03:47 PM, slack,-
2026-11-06 06:43 PM, flood,105
2026-11-06 09:35 PM, slack,-
2026-11-07 01:00 AM, ebb,-117
2026-11-07 03:58 AM, slack,-
2026-11-07 07:03 AM, flood,108
2026-11-07 09:53 AM, slack,-
2026-11-07 01:27 PM, ebb,-137
2026-11-07 04:34 PM, slack,-
2026-11-07 07:31 PM, flood,109
2026-11-07 10:22 PM, slack,-
2026-11-08 01:48 AM, ebb,-117
2026-11-08 04:45 AM, slack,-
2026-11-08 07:49 AM, flood,109
2026-11-08 10:37 AM, slack,-
2026-11-08 02:13 PM, ebb,-136
2026-11-08 05:18 PM, slack,-
2026-11-08 08:15 PM, flood,109
2026-11-08 11:05 PM, slack,-
2026-11-09 02:31 AM, ebb,-115
2026-11-09 05:28 AM, slack,-
2026-11-09 08:32 AM, flood,107
2026-11-09 11:19 AM, slack,-
2026-11-09 02:54 PM, ebb,-133
2026-11-09 05:59 PM, slack,-
2026-11-09 08:55 PM, flood,107
2026-11-09 11:46 PM, slack,-
2026-11-10 03:10 AM, ebb,-112
2026-11-10 06:09 AM, slack,-
2026-11-10 09:12 AM, flood,103
2026-11-10 12:00 PM, slack,-
2026-11-10 03:31 PM, ebb,-127
2026-11-10 06:39 PM, slack,-
2026-11-10 09:35 PM, flood,102
2026-11-11 12:25 AM, slack,-
2026-11-11 03:45 AM, ebb,-107
2026-11-11 06:49 AM, slack,-
2026-11-11 09:52 AM, flood,97
2026-11-11 12:41 PM, slack,-
2026-11-11 04:05 PM, ebb,-121
2026-11-11 07:18 PM, slack,-
2026-11-11 10:14 PM, flood,95
2026-11-12 01:05 AM, slack,-
2026-11-12 04:17 AM, ebb,-102
2026-11-12 07:30 AM, slack,-
2026-11-12 10:34 AM, flood,90
2026-11-12 01:21 PM, slack,-
2026-11-12 04:38 PM, ebb,-114
2026-11-12 07:57 PM, slack,-
2026-11-12 10:56 PM, flood,90
2026-11-13 01:46 AM, slack,-
2026-11-13 04:49 AM, ebb,-98
2026-11-13 08:12 AM, slack,-
2026-11-13 11:17 AM, flood,84
2026-11-13 02:01 PM, slack,-
2026-11-13 05:11 PM, ebb,-109
2026-11-13 08:37 PM, slack,-
2026-11-13 11:38 PM, flood,86
2026-11-14 02:27 AM, slack,-
2026-11-14 05:27 AM, ebb,-95
2026-11-14 08:57 AM, slack,-
2026-11-14 12:01 PM, flood,79
2026-11-14 02:42 PM, slack,-
2026-11-14 05:49 PM, ebb,-105
2026-11-14 09:19 PM, slack,-
2026-11-15 12:21 AM, flood,84
2026-11-15 03:10 AM, slack,-
2026-11-15 06:09 AM, ebb,-93
2026-11-15 09:44 AM, slack,-
2026-11-15 12:44 PM, flood,76
2026-11-15 03:25 PM, slack,-
2026-11-15 06:31 PM, ebb,-102
2026-11-15 10:03 PM, slack,-
2026-11-16 01:03 AM, flood,84
2026-11-16 03:56 AM, slack,-
2026-11-16 06:56 AM, ebb,-92
2026-11-16 10:33 AM, slack,-
2026-11-16 01:27 PM, flood,73
2026-11-16 04:10 PM, slack,-
2026-11-16 07:17 PM, ebb,-100
2026-11-16 10:48 PM, slack,-
2026-11-17 01:44 AM, flood,84
2026-11-17 04:44 AM, slack,-
2026-11-17 07:47 AM, ebb,-93
2026-11-17 11:23 AM, slack,-
2026-11-17 02:12 PM, flood,72
2026-11-17 05:00 PM, slack,-
2026-11-17 08:07 PM, ebb,-100
2026-11-17 11:35 PM, slack,-
2026-11-18 02:29 AM, flood,85
2026-11-18 05:33 AM, slack,-
2026-11-18 08:41 AM, ebb,-97
2026-11-18 12:12 PM, slack,-
2026-11-18 03:02 PM, flood,74
2026-11-18 05:52 PM, slack,-
2026-11-18 09:01 PM, ebb,-101
2026-11-19 12:23 AM, slack,-
2026-11-19 03:18 AM, flood,88
2026-11-19 06:23 AM, slack,-
2026-11-19 09:37 AM, ebb,-104
2026-11-19 01:02 PM, slack,-
2026-11-19 03:55 PM, flood,79
2026-11-19 06:47 PM, slack,-
2026-11-19 09:56 PM, ebb,-105
2026-11-20 01:13 AM, slack,-
2026-11-20 04:11 AM, flood,92
2026-11-20 07:14 AM, slack,-
2026-11-20 10:29 AM, ebb,-113
2026-11-20 01:52 PM, slack,-
2026-11-20 04:48 PM, flood,87
2026-11-20 07:42 PM, slack,-
2026-11-20 10:48 PM, ebb,-111
2026-11-21 02:03 AM, slack,-
2026-11-21 05:02 AM, flood,98
2026-11-21 08:04 AM, slack,-
2026-11-21 11:17 AM, ebb,-124
2026-11-21 02:42 PM, slack,-
2026-11-21 05:39 PM, flood,96
2026-11-21 08:35 PM, slack,-
2026-11-21 11:38 PM, ebb,-118
2026-11-22 02:54 AM, slack,-
2026-11-22 05:52 AM, flood,106
2026-11-22 08:54 AM, slack,-
2026-11-22 12:05 PM, ebb,-133
2026-11-22 03:31 PM, slack,-
2026-11-22 06:28 PM, flood,106
2026-11-22 09:26 PM, slack,-
2026-11-23 12:27 AM, ebb,-124
2026-11-23 03:44 AM, slack,-
2026-11-23 06:42 AM, flood,112
2026-11-23 09:42 AM, slack,-
2026-11-23 12:54 PM, ebb,-140
2026-11-23 04:20 PM, slack,-
2026-11-23 07:17 PM, flood,114
2026-11-23 10:16 PM, slack,-
2026-11-24 01:18 AM, ebb,-128
2026-11-24 04:34 AM, slack,-
2026-11-24 07:32 AM, flood,118
2026-11-24 10:31 AM, slack,-
2026-11-24 01:45 PM, ebb,-145
2026-11-24 05:09 PM, slack,-
2026-11-24 08:06 PM, flood,118
2026-11-24 11:05 PM, slack,-
2026-11-25 02:10 AM, ebb,-131
2026-11-25 05:24 AM, slack,-
2026-11-25 08:22 AM, flood,120
2026-11-25 11:21 AM, slack,-
2026-11-25 02:36 PM, ebb,-147
2026-11-25 05:59 PM, slack,-
2026-11-25 08:55 PM, flood,119
2026-11-25 11:57 PM, slack,-
2026-11-26 03:02 AM, ebb,-131
2026-11-26 06:17 AM, slack,-
2026-11-26 09:13 AM, flood,118
2026-11-26 12:13 PM, slack,-
2026-11-26 03:27 PM, ebb,-145
2026-11-26 06:52 PM, slack,-
2026-11-26 09:47 PM, flood,117
2026-11-27 12:50 AM, slack,-
2026-11-27 03:55 AM, ebb,-127
2026-11-27 07:12 AM, slack,-
2026-11-27 10:08 AM, flood,113
2026-11-27 01:08 PM, slack,-
2026-11-27 04:20 PM, ebb,-139
2026-11-27 07:46 PM, slack,-
2026-11-27 10:44 PM, flood,112
2026-11-28 01:46 AM, slack,-
2026-11-28 04:53 AM, ebb,-122
2026-11-28 08:11 AM, slack,-
2026-11-28 11:09 AM, flood,106
2026-11-28 02:04 PM, slack,-
2026-11-28 05:17 PM, ebb,-130
2026-11-28 08:43 PM, slack,-
2026-11-28 11:45 PM, flood,107
2026-11-29 02:43 AM, slack,-
2026-11-29 05:58 AM, ebb,-116
2026-11-29 09:13 AM, slack,-
2026-11-29 12:12 PM, flood,100
2026-11-29 03:02 PM, slack,-
2026-11-29 06:22 PM, ebb,-120
2026-11-29 09:42 PM, slack,-
2026-11-30 12:45 AM, flood,103
2026-11-30 03:43 AM, slack,-
2026-11-30 07:10 AM, ebb,-112
2026-11-30 10:19 AM, slack,-
2026-11-30 01:15 PM, flood,94
2026-11-30 04:04 PM, slack,-
2026-11-30 07:31 PM, ebb,-111
2026-11-30 10:43 PM, slack,-
2026-12-01 01:45 AM, flood,99
2026-12-01 04:44 AM, slack,-
2026-12-01 08:22 AM, ebb,-112
2026-12-01 11:26 AM, slack,-
2026-12-01 02:17 PM, flood,90
2026-12-01 05:08 PM, slack,-
2026-12-01 08:44 PM, ebb,-105
2026-12-01 11:44 PM, slack,-
2026-12-02 02:46 AM, flood,95
2026-12-02 05:45 AM, slack,-
2026-12-02 09:30 AM, ebb,-115
2026-12-02 12:30 PM, slack,-
2026-12-02 03:22 PM, flood,87
2026-12-02 06:14 PM, slack,-
2026-12-02 09:52 PM, ebb,-103
2026-12-03 12:44 AM, slack,-
2026-12-03 03:50 AM, flood,93
2026-12-03 06:46 AM, slack,-
2026-12-03 10:30 AM, ebb,-120
2026-12-03 01:32 PM, slack,-
2026-12-03 04:27 PM, flood,88
2026-12-03 07:18 PM, slack,-
2026-12-03 10:52 PM, ebb,-103
2026-12-04 01:44 AM, slack,-
2026-12-04 04:51 AM, flood,93
2026-12-04 07:43 AM, slack,-
2026-12-04 11:23 AM, ebb,-124
2026-12-04 02:30 PM, slack,-
2026-12-04 05:25 PM, flood,92
2026-12-04 08:17 PM, slack,-
2026-12-04 11:45 PM, ebb,-104
2026-12-05 02:41 AM, slack,-
2026-12-05 05:47 AM, flood,95
2026-12-05 08:37 AM, slack,-
2026-12-05 12:13 PM, ebb,-127
2026-12-05 03:23 PM, slack,-
2026-12-05 06:18 PM, flood,96
2026-12-05 09:09 PM, slack,-
2026-12-06 12:35 AM, ebb,-106
2026-12-06 03:33 AM, slack,-
2026-12-06 06:38 AM, flood,98
2026-12-06 09:25 AM, slack,-
2026-12-06 01:01 PM, ebb,-128
2026-12-06 04:10 PM, slack,-
2026-12-06 07:06 PM, flood,99
2026-12-06 09:56 PM, slack,-
2026-12-07 01:22 AM, ebb,-107
2026-12-07 04:19 AM, slack,-
2026-12-07 07:24 AM, flood,100
2026-12-07 10:10 AM, slack,-
2026-12-07 01:46 PM, ebb,-128
2026-12-07 04:52 PM, slack,-
2026-12-07 07:49 PM, flood,101
2026-12-07 10:38 PM, slack,-
2026-12-08 02:05 AM, ebb,-107
2026-12-08 05:02 AM, slack,-
2026-12-08 08:07 AM, flood,100
2026-12-08 10:51 AM, slack,-
2026-12-08 02:26 PM, ebb,-126
2026-12-08 05:32 PM, slack,-
2026-12-08 08:29 PM, flood,101
2026-12-08 11:17 PM, slack,-
2026-12-09 02:43 AM, ebb,-107
2026-12-09 05:42 AM, slack,-
2026-12-09 08:46 AM, flood,99
2026-12-09 11:31 AM, slack,-
2026-12-09 03:01 PM, ebb,-124
2026-12-09 06:09 PM, slack,-
2026-12-09 09:07 PM, flood,100
2026-12-09 11:56 PM, slack,-
2026-12-10 03:16 AM, ebb,-106
2026-12-10 06:21 AM, slack,-
2026-12-10 09:24 AM, flood,96
2026-12-10 12:10 PM, slack,-
2026-12-10 03:32 PM, ebb,-121
2026-12-10 06:45 PM, slack,-
2026-12-10 09:44 PM, flood,98
2026-12-11 12:36 AM, slack,-
2026-12-11 03:46 AM, ebb,-105
2026-12-11 07:00 AM, slack,-
2026-12-11 10:02 AM, flood,92
2026-12-11 12:48 PM, slack,-
2026-12-11 04:02 PM, ebb,-119
2026-12-11 07:22 PM, slack,-
2026-12-11 10:22 PM, flood,96
2026-12-12 01:16 AM, slack,-
2026-12-12 04:17 AM, ebb,-104
2026-12-12 07:40 AM, slack,-
2026-12-12 10:41 AM, flood,87
2026-12-12 01:27 PM, slack,-
2026-12-12 04:33 PM, ebb,-117
2026-12-12 08:00 PM, slack,-
2026-12-12 11:01 PM, flood,95
2026-12-13 01:56 AM, slack,-
2026-12-13 04:53 AM, ebb,-104
2026-12-13 08:23 AM, slack,-
2026-12-13 11:22 AM, flood,84
2026-12-13 02:07 PM, slack,-
2026-12-13 05:10 PM, ebb,-115
2026-12-13 08:39 PM, slack,-
2026-12-13 11:41 PM, flood,95
2026-12-14 02:37 AM, slack,-
2026-12-14 05:34 AM, ebb,-104
2026-12-14 09:07 AM, slack,-
2026-12-14 12:05 PM, flood,82
2026-12-14 02:48 PM, slack,-
2026-12-14 05:51 PM, ebb,-113
2026-12-14 09:21 PM, slack,-
2026-12-15 12:22 AM, flood,95
2026-12-15 03:20 AM, slack,-
2026-12-15 06:19 AM, ebb,-105
2026-12-15 09:54 AM, slack,-
2026-12-15 12:47 PM, flood,81
2026-12-15 03:32 PM, slack,-
2026-12-15 06:36 PM, ebb,-110
2026-12-15 10:06 PM, slack,-
2026-12-16 01:03 AM, flood,95
2026-12-16 04:04 AM, slack,-
2026-12-16 07:06 AM, ebb,-106
2026-12-16 10:43 AM, slack,-
2026-12-16 01:30 PM, flood,81
2026-12-16 04:21 PM, slack,-
2026-12-16 07:25 PM, ebb,-108
2026-12-16 10:53 PM, slack,-
2026-12-17 01:46 AM, flood,94
2026-12-17 04:51 AM, slack,-
2026-12-17 07:57 AM, ebb,-108
2026-12-17 11:33 AM, slack,-
2026-12-17 02:18 PM, flood,81
2026-12-17 05:13 PM, slack,-
2026-12-17 08:18 PM, ebb,-105
2026-12-17 11:43 PM, slack,-
2026-12-18 02:33 AM, flood,94
2026-12-18 05:42 AM, slack,-
2026-12-18 08:53 AM, ebb,-111
2026-12-18 12:25 PM, slack,-
2026-12-18 03:12 PM, flood,83
2026-12-18 06:10 PM, slack,-
2026-12-18 09:16 PM, ebb,-105
2026-12-19 12:36 AM, slack,-
2026-12-19 03:28 AM, flood,94
2026-12-19 06:35 AM, slack,-
2026-12-19 09:51 AM, ebb,-116
2026-12-19 01:19 PM, slack,-
2026-12-19 04:10 PM, flood,87
2026-12-19 07:09 PM, slack,-
2026-12-19 10:15 PM, ebb,-108
2026-12-20 01:31 AM, slack,-
2026-12-20 04:27 AM, flood,96
2026-12-20 07:31 AM, slack,-
2026-12-20 10:48 AM, ebb,-123
2026-12-20 02:14 PM, slack,-
2026-12-20 05:09 PM, flood,94
2026-12-20 08:08 PM, slack,-
2026-12-20 11:12 PM, ebb,-113
2026-12-21 02:27 AM, slack,-
2026-12-21 05:25 AM, flood,102
2026-12-21 08:27 AM, slack,-
2026-12-21 11:42 AM, ebb,-131
2026-12-21 03:08 PM, slack,-
2026-12-21 06:05 PM, flood,102
2026-12-21 09:04 PM, slack,-
2026-12-22 12:07 AM, ebb,-118
2026-12-22 03:22 AM, slack,-
2026-12-22 06:22 AM, flood,109
2026-12-22 09:22 AM, slack,-
2026-12-22 12:37 PM, ebb,-137
2026-12-22 04:02 PM, slack,-
2026-12-22 07:00 PM, flood,110
2026-12-22 09:59 PM, slack,-
2026-12-23 01:04 AM, ebb,-123
2026-12-23 04:17 AM, slack,-
2026-12-23 07:17 AM, flood,114
2026-12-23 10:15 AM, slack,-
2026-12-23 01:33 PM, ebb,-142
2026-12-23 04:54 PM, slack,-
2026-12-23 07:53 PM, flood,116
2026-12-23 10:52 PM, slack,-
2026-12-24 02:02 AM, ebb,-127
2026-12-24 05:11 AM, slack,-
2026-12-24 08:12 AM, flood,118
2026-12-24 11:08 AM, slack,-
2026-12-24 02:28 PM, ebb,-145
2026-12-24 05:46 PM, slack,-
2026-12-24 08:46 PM, flood,119
2026-12-24 11:46 PM, slack,-
2026-12-25 02:58 AM, ebb,-129
2026-12-25 06:06 AM, slack,-
2026-12-25 09:05 AM, flood,118
2026-12-25 12:01 PM, slack,-
2026-12-25 03:20 PM, ebb,-144
2026-12-25 06:39 PM, slack,-
2026-12-25 09:38 PM, flood,119
2026-12-26 12:40 AM, slack,-
2026-12-26 03:53 AM, ebb,-129
2026-12-26 07:03 AM, slack,-
2026-12-26 10:00 AM, flood,114
2026-12-26 12:56 PM, slack,-
2026-12-26 04:13 PM, ebb,-138
2026-12-26 07:32 PM, slack,-
2026-12-26 10:33 PM, flood,116
2026-12-27 01:35 AM, slack,-
2026-12-27 04:50 AM, ebb,-126
2026-12-27 08:01 AM, slack,-
2026-12-27 10:59 AM, flood,108
2026-12-27 01:51 PM, slack,-
2026-12-27 05:09 PM, ebb,-130
2026-12-27 08:26 PM, slack,-
2026-12-27 11:31 PM, flood,112
2026-12-28 02:29 AM, slack,-
2026-12-28 05:52 AM, ebb,-123
2026-12-28 09:02 AM, slack,-
2026-12-28 11:59 AM, flood,102
2026-12-28 02:48 PM, slack,-
2026-12-28 06:09 PM, ebb,-119
2026-12-28 09:22 PM, slack,-
2026-12-29 12:28 AM, flood,107
2026-12-29 03:24 AM, slack,-
2026-12-29 06:56 AM, ebb,-119
2026-12-29 10:04 AM, slack,-
2026-12-29 12:58 PM, flood,96
2026-12-29 03:45 PM, slack,-
2026-12-29 07:13 PM, ebb,-109
2026-12-29 10:20 PM, slack,-
2026-12-30 01:24 AM, flood,101
2026-12-30 04:20 AM, slack,-
2026-12-30 08:00 AM, ebb,-116
2026-12-30 11:06 AM, slack,-
2026-12-30 01:56 PM, flood,90
2026-12-30 04:46 PM, slack,-
2026-12-30 08:19 PM, ebb,-100
2026-12-30 11:18 PM, slack,-
2026-12-31 02:20 AM, flood,94
2026-12-31 05:17 AM, slack,-
2026-12-31 09:03 AM, ebb,-114
2026-12-31 12:07 PM, slack,-
2026-12-31 02:56 PM, flood,85
2026-12-31 05:47 PM, slack,-
2026-12-31 09:20 PM, ebb,-99
